year,race,sex,age_group,population
2010,White,Male,0-4,3378322
2010,White,Male,5-9,3298172
2010,White,Male,10-14,3621859
2010,White,Male,15-19,3623918
2010,White,Male,20-24,3819699
2010,White,Male,25-29,3858327
2010,White,Male,30-34,3533074
2010,White,Male,35-39,3139864
2010,White,Male,40-44,3018969
2010,White,Male,45-49,2855491
2010,White,Male,50-54,2482631
2010,White,Male,55-59,2049709
2010,White,Male,60-64,1619319
2010,White,Male,65-69,1187120
2010,White,Male,70-74,908649
2010,White,Male,75-79,614831
2010,White,Male,80+,642534
2010,White,Female,0-4,3322864
2010,White,Female,5-9,3264386
2010,White,Female,10-14,3574879
2010,White,Female,15-19,3687816
2010,White,Female,20-24,3954789
2010,White,Female,25-29,4077788
2010,White,Female,30-34,3811526
2010,White,Female,35-39,3456273
2010,White,Female,40-44,3346394
2010,White,Female,45-49,3197278
2010,White,Female,50-54,2803928
2010,White,Female,55-59,2354348
2010,White,Female,60-64,1901275
2010,White,Female,65-69,1450287
2010,White,Female,70-74,1187437
2010,White,Female,75-79,885851
2010,White,Female,80+,1122039
2010,Black,Male,0-4,343150
2010,Black,Male,5-9,470534
2010,Black,Male,10-14,612340
2010,Black,Male,15-19,670899
2010,Black,Male,20-24,731802
2010,Black,Male,25-29,766183
2010,Black,Male,30-34,725126
2010,Black,Male,35-39,626783
2010,Black,Male,40-44,579017
2010,Black,Male,45-49,503517
2010,Black,Male,50-54,427439
2010,Black,Male,55-59,332589
2010,Black,Male,60-64,251662
2010,Black,Male,65-69,181884
2010,Black,Male,70-74,132658
2010,Black,Male,75-79,84265
2010,Black,Male,80+,86763
2010,Black,Female,0-4,312808
2010,Black,Female,5-9,416675
2010,Black,Female,10-14,543132
2010,Black,Female,15-19,593284
2010,Black,Female,20-24,649875
2010,Black,Female,25-29,677637
2010,Black,Female,30-34,635172
2010,Black,Female,35-39,548550
2010,Black,Female,40-44,516284
2010,Black,Female,45-49,469221
2010,Black,Female,50-54,420659
2010,Black,Female,55-59,342815
2010,Black,Female,60-64,270201
2010,Black,Female,65-69,202740
2010,Black,Female,70-74,157400
2010,Black,Female,75-79,108261
2010,Black,Female,80+,126636
2010,Brown,Male,0-4,3182410
2010,Brown,Male,5-9,3733793
2010,Brown,Male,10-14,4364599
2010,Brown,Male,15-19,4143806
2010,Brown,Male,20-24,3953282
2010,Brown,Male,25-29,3714110
2010,Brown,Male,30-34,3350221
2010,Brown,Male,35-39,2907537
2010,Brown,Male,40-44,2639412
2010,Brown,Male,45-49,2258667
2010,Brown,Male,50-54,1861713
2010,Brown,Male,55-59,1464531
2010,Brown,Male,60-64,1121666
2010,Brown,Male,65-69,816549
2010,Brown,Male,70-74,595091
2010,Brown,Male,75-79,371657
2010,Brown,Male,80+,382820
2010,Brown,Female,0-4,3035228
2010,Brown,Female,5-9,3546190
2010,Brown,Female,10-14,4193353
2010,Brown,Female,15-19,4011320
2010,Brown,Female,20-24,3861205
2010,Brown,Female,25-29,3741292
2010,Brown,Female,30-34,3449954
2010,Brown,Female,35-39,3008236
2010,Brown,Female,40-44,2728647
2010,Brown,Female,45-49,2388538
2010,Brown,Female,50-54,2008079
2010,Brown,Female,55-59,1612099
2010,Brown,Female,60-64,1240332
2010,Brown,Female,65-69,918521
2010,Brown,Female,70-74,693800
2010,Brown,Female,75-79,454662
2010,Brown,Female,80+,524013
2010,Yellow,Male,0-4,61727
2010,Yellow,Male,5-9,70877
2010,Yellow,Male,10-14,78357
2010,Yellow,Male,15-19,78454
2010,Yellow,Male,20-24,87044
2010,Yellow,Male,25-29,88309
2010,Yellow,Male,30-34,80174
2010,Yellow,Male,35-39,67594
2010,Yellow,Male,40-44,62176
2010,Yellow,Male,45-49,56374
2010,Yellow,Male,50-54,48710
2010,Yellow,Male,55-59,43582
2010,Yellow,Male,60-64,38925
2010,Yellow,Male,65-69,31058
2010,Yellow,Male,70-74,25314
2010,Yellow,Male,75-79,16074
2010,Yellow,Male,80+,16655
2010,Yellow,Female,0-4,58229
2010,Yellow,Female,5-9,68666
2010,Yellow,Female,10-14,83096
2010,Yellow,Female,15-19,98554
2010,Yellow,Female,20-24,113016
2010,Yellow,Female,25-29,114424
2010,Yellow,Female,30-34,101976
2010,Yellow,Female,35-39,84952
2010,Yellow,Female,40-44,77054
2010,Yellow,Female,45-49,68290
2010,Yellow,Female,50-54,57829
2010,Yellow,Female,55-59,51567
2010,Yellow,Female,60-64,45536
2010,Yellow,Female,65-69,36580
2010,Yellow,Female,70-74,29362
2010,Yellow,Female,75-79,19985
2010,Yellow,Female,80+,23768
2010,Indigenous,Male,0-4,51275
2010,Indigenous,Male,5-9,50656
2010,Indigenous,Male,10-14,48089
2010,Indigenous,Male,15-19,41617
2010,Indigenous,Male,20-24,37533
2010,Indigenous,Male,25-29,33030
2010,Indigenous,Male,30-34,28285
2010,Indigenous,Male,35-39,24408
2010,Indigenous,Male,40-44,20662
2010,Indigenous,Male,45-49,17727
2010,Indigenous,Male,50-54,14355
2010,Indigenous,Male,55-59,11832
2010,Indigenous,Male,60-64,9397
2010,Indigenous,Male,65-69,7407
2010,Indigenous,Male,70-74,5635
2010,Indigenous,Male,75-79,3678
2010,Indigenous,Male,80+,4321
2010,Indigenous,Female,0-4,49920
2010,Indigenous,Female,5-9,49185
2010,Indigenous,Female,10-14,46737
2010,Indigenous,Female,15-19,40883
2010,Indigenous,Female,20-24,35854
2010,Indigenous,Female,25-29,32074
2010,Indigenous,Female,30-34,28041
2010,Indigenous,Female,35-39,23759
2010,Indigenous,Female,40-44,20288
2010,Indigenous,Female,45-49,17918
2010,Indigenous,Female,50-54,14801
2010,Indigenous,Female,55-59,12968
2010,Indigenous,Female,60-64,10680
2010,Indigenous,Female,65-69,8578
2010,Indigenous,Female,70-74,6246
2010,Indigenous,Female,75-79,4150
2010,Indigenous,Female,80+,5974
2011,White,Male,0-4,3335340
2011,White,Male,5-9,3260906
2011,White,Male,10-14,3535770
2011,White,Male,15-19,3543340
2011,White,Male,20-24,3739758
2011,White,Male,25-29,3774770
2011,White,Male,30-34,3486451
2011,White,Male,35-39,3139344
2011,White,Male,40-44,3031016
2011,White,Male,45-49,2840967
2011,White,Male,50-54,2490164
2011,White,Male,55-59,2081698
2011,White,Male,60-64,1659860
2011,White,Male,65-69,1226007
2011,White,Male,70-74,936973
2011,White,Male,75-79,631823
2011,White,Male,80+,662346
2011,White,Female,0-4,3276726
2011,White,Female,5-9,3220238
2011,White,Female,10-14,3484614
2011,White,Female,15-19,3602597
2011,White,Female,20-24,3870187
2011,White,Female,25-29,3989978
2011,White,Female,30-34,3763635
2011,White,Female,35-39,3460429
2011,White,Female,40-44,3365037
2011,White,Female,45-49,3188736
2011,White,Female,50-54,2818045
2011,White,Female,55-59,2396376
2011,White,Female,60-64,1952416
2011,White,Female,65-69,1499923
2011,White,Female,70-74,1224041
2011,White,Female,75-79,908605
2011,White,Female,80+,1157934
2011,Black,Male,0-4,346527
2011,Black,Male,5-9,472663
2011,Black,Male,10-14,607514
2011,Black,Male,15-19,674319
2011,Black,Male,20-24,743084
2011,Black,Male,25-29,776559
2011,Black,Male,30-34,736947
2011,Black,Male,35-39,647523
2011,Black,Male,40-44,602415
2011,Black,Male,45-49,521985
2011,Black,Male,50-54,444841
2011,Black,Male,55-59,348526
2011,Black,Male,60-64,265527
2011,Black,Male,65-69,192099
2011,Black,Male,70-74,139474
2011,Black,Male,75-79,88095
2011,Black,Male,80+,90933
2011,Black,Female,0-4,317132
2011,Black,Female,5-9,420860
2011,Black,Female,10-14,539749
2011,Black,Female,15-19,596691
2011,Black,Female,20-24,660286
2011,Black,Female,25-29,688184
2011,Black,Female,30-34,647726
2011,Black,Female,35-39,569492
2011,Black,Female,40-44,538508
2011,Black,Female,45-49,486550
2011,Black,Female,50-54,436807
2011,Black,Female,55-59,358878
2011,Black,Female,60-64,285215
2011,Black,Female,65-69,214622
2011,Black,Female,70-74,165732
2011,Black,Female,75-79,113100
2011,Black,Female,80+,133095
2011,Brown,Male,0-4,3163045
2011,Brown,Male,5-9,3704487
2011,Brown,Male,10-14,4286665
2011,Brown,Male,15-19,4098505
2011,Brown,Male,20-24,3931080
2011,Brown,Male,25-29,3696923
2011,Brown,Male,30-34,3354960
2011,Brown,Male,35-39,2956117
2011,Brown,Male,40-44,2700701
2011,Brown,Male,45-49,2306904
2011,Brown,Male,50-54,1913870
2011,Brown,Male,55-59,1517078
2011,Brown,Male,60-64,1167868
2011,Brown,Male,65-69,852009
2011,Brown,Male,70-74,619063
2011,Brown,Male,75-79,385946
2011,Brown,Male,80+,397232
2011,Brown,Female,0-4,3019091
2011,Brown,Female,5-9,3521564
2011,Brown,Female,10-14,4115648
2011,Brown,Female,15-19,3960008
2011,Brown,Female,20-24,3841498
2011,Brown,Female,25-29,3732560
2011,Brown,Female,30-34,3463770
2011,Brown,Female,35-39,3064173
2011,Brown,Female,40-44,2795481
2011,Brown,Female,45-49,2440125
2011,Brown,Female,50-54,2062910
2011,Brown,Female,55-59,1671561
2011,Brown,Female,60-64,1293634
2011,Brown,Female,65-69,960298
2011,Brown,Female,70-74,722316
2011,Brown,Female,75-79,472433
2011,Brown,Female,80+,546090
2011,Yellow,Male,0-4,54384
2011,Yellow,Male,5-9,62569
2011,Yellow,Male,10-14,68806
2011,Yellow,Male,15-19,69403
2011,Yellow,Male,20-24,77049
2011,Yellow,Male,25-29,78558
2011,Yellow,Male,30-34,72466
2011,Yellow,Male,35-39,62452
2011,Yellow,Male,40-44,58139
2011,Yellow,Male,45-49,52661
2011,Yellow,Male,50-54,46076
2011,Yellow,Male,55-59,41626
2011,Yellow,Male,60-64,37477
2011,Yellow,Male,65-69,30435
2011,Yellow,Male,70-74,25104
2011,Yellow,Male,75-79,16151
2011,Yellow,Male,80+,16901
2011,Yellow,Female,0-4,51344
2011,Yellow,Female,5-9,60447
2011,Yellow,Female,10-14,72409
2011,Yellow,Female,15-19,85390
2011,Yellow,Female,20-24,98600
2011,Yellow,Female,25-29,100249
2011,Yellow,Female,30-34,90632
2011,Yellow,Female,35-39,77409
2011,Yellow,Female,40-44,71100
2011,Yellow,Female,45-49,63149
2011,Yellow,Female,50-54,54155
2011,Yellow,Female,55-59,48908
2011,Yellow,Female,60-64,43568
2011,Yellow,Female,65-69,35569
2011,Yellow,Female,70-74,28964
2011,Yellow,Female,75-79,19978
2011,Yellow,Female,80+,23983
2011,Indigenous,Male,0-4,52255
2011,Indigenous,Male,5-9,51563
2011,Indigenous,Male,10-14,48881
2011,Indigenous,Male,15-19,42635
2011,Indigenous,Male,20-24,38410
2011,Indigenous,Male,25-29,33701
2011,Indigenous,Male,30-34,28853
2011,Indigenous,Male,35-39,25036
2011,Indigenous,Male,40-44,21260
2011,Indigenous,Male,45-49,18182
2011,Indigenous,Male,50-54,14730
2011,Indigenous,Male,55-59,12142
2011,Indigenous,Male,60-64,9673
2011,Indigenous,Male,65-69,7569
2011,Indigenous,Male,70-74,5726
2011,Indigenous,Male,75-79,3720
2011,Indigenous,Male,80+,4413
2011,Indigenous,Female,0-4,50857
2011,Indigenous,Female,5-9,49982
2011,Indigenous,Female,10-14,47438
2011,Indigenous,Female,15-19,41811
2011,Indigenous,Female,20-24,36810
2011,Indigenous,Female,25-29,32802
2011,Indigenous,Female,30-34,28671
2011,Indigenous,Female,35-39,24436
2011,Indigenous,Female,40-44,20902
2011,Indigenous,Female,45-49,18346
2011,Indigenous,Female,50-54,15154
2011,Indigenous,Female,55-59,13281
2011,Indigenous,Female,60-64,10949
2011,Indigenous,Female,65-69,8731
2011,Indigenous,Female,70-74,6375
2011,Indigenous,Female,75-79,4254
2011,Indigenous,Female,80+,6127
2012,White,Male,0-4,3293551
2012,White,Male,5-9,3224870
2012,White,Male,10-14,3452247
2012,White,Male,15-19,3464996
2012,White,Male,20-24,3662042
2012,White,Male,25-29,3693651
2012,White,Male,30-34,3441157
2012,White,Male,35-39,3139469
2012,White,Male,40-44,3043742
2012,White,Male,45-49,2827052
2012,White,Male,50-54,2498161
2012,White,Male,55-59,2114489
2012,White,Male,60-64,1701732
2012,White,Male,65-69,1266502
2012,White,Male,70-74,966412
2012,White,Male,75-79,649613
2012,White,Male,80+,683003
2012,White,Female,0-4,3231932
2012,White,Female,5-9,3177434
2012,White,Female,10-14,3397256
2012,White,Female,15-19,3519912
2012,White,Female,20-24,3787991
2012,White,Female,25-29,3904669
2012,White,Female,30-34,3717151
2012,White,Female,35-39,3465169
2012,White,Female,40-44,3384313
2012,White,Female,45-49,3180749
2012,White,Female,50-54,2832861
2012,White,Female,55-59,2439541
2012,White,Female,60-64,2005391
2012,White,Female,65-69,1551696
2012,White,Female,70-74,1262084
2012,White,Female,75-79,932174
2012,White,Female,80+,1195186
2012,Black,Male,0-4,350356
2012,Black,Male,5-9,475239
2012,Black,Male,10-14,603153
2012,Black,Male,15-19,678280
2012,Black,Male,20-24,754977
2012,Black,Male,25-29,787597
2012,Black,Male,30-34,749412
2012,Black,Male,35-39,669339
2012,Black,Male,40-44,627265
2012,Black,Male,45-49,541521
2012,Black,Male,50-54,463370
2012,Black,Male,55-59,365620
2012,Black,Male,60-64,280597
2012,Black,Male,65-69,203363
2012,Black,Male,70-74,147195
2012,Black,Male,75-79,92646
2012,Black,Male,80+,95794
2012,Black,Female,0-4,321957
2012,Black,Female,5-9,425465
2012,Black,Female,10-14,536742
2012,Black,Female,15-19,600555
2012,Black,Female,20-24,671362
2012,Black,Female,25-29,699332
2012,Black,Female,30-34,661046
2012,Black,Female,35-39,591749
2012,Black,Female,40-44,562224
2012,Black,Female,45-49,505022
2012,Black,Female,50-54,454081
2012,Black,Female,55-59,376254
2012,Black,Female,60-64,301535
2012,Black,Female,65-69,227790
2012,Black,Female,70-74,175076
2012,Black,Female,75-79,118704
2012,Black,Female,80+,140500
2012,Brown,Male,0-4,3144887
2012,Brown,Male,5-9,3676725
2012,Brown,Male,10-14,4211215
2012,Brown,Male,15-19,4054765
2012,Brown,Male,20-24,3910332
2012,Brown,Male,25-29,3681289
2012,Brown,Male,30-34,3360993
2012,Brown,Male,35-39,3006490
2012,Brown,Male,40-44,2764152
2012,Brown,Male,45-49,2356893
2012,Brown,Male,50-54,1968041
2012,Brown,Male,55-59,1571900
2012,Brown,Male,60-64,1216475
2012,Brown,Male,65-69,889504
2012,Brown,Male,70-74,644356
2012,Brown,Male,75-79,401113
2012,Brown,Male,80+,412607
2012,Brown,Female,0-4,3004197
2012,Brown,Female,5-9,3498377
2012,Brown,Female,10-14,4040492
2012,Brown,Female,15-19,3910431
2012,Brown,Female,20-24,3823202
2012,Brown,Female,25-29,3725331
2012,Brown,Female,30-34,3478897
2012,Brown,Female,35-39,3122194
2012,Brown,Female,40-44,2864740
2012,Brown,Female,45-49,2493425
2012,Brown,Female,50-54,2119823
2012,Brown,Female,55-59,1733629
2012,Brown,Female,60-64,1349793
2012,Brown,Female,65-69,1004459
2012,Brown,Female,70-74,752324
2012,Brown,Female,75-79,491227
2012,Brown,Female,80+,569450
2012,Yellow,Male,0-4,47504
2012,Yellow,Male,5-9,54907
2012,Yellow,Male,10-14,60242
2012,Yellow,Male,15-19,61058
2012,Yellow,Male,20-24,67972
2012,Yellow,Male,25-29,69588
2012,Yellow,Male,30-34,65086
2012,Yellow,Male,35-39,57303
2012,Yellow,Male,40-44,53952
2012,Yellow,Male,45-49,48758
2012,Yellow,Male,50-54,43045
2012,Yellow,Male,55-59,39225
2012,Yellow,Male,60-64,35553
2012,Yellow,Male,65-69,29344
2012,Yellow,Male,70-74,24415
2012,Yellow,Male,75-79,15997
2012,Yellow,Male,80+,16836
2012,Yellow,Female,0-4,44922
2012,Yellow,Female,5-9,52927
2012,Yellow,Female,10-14,62922
2012,Yellow,Female,15-19,73894
2012,Yellow,Female,20-24,85843
2012,Yellow,Female,25-29,87719
2012,Yellow,Female,30-34,80312
2012,Yellow,Female,35-39,70211
2012,Yellow,Female,40-44,65269
2012,Yellow,Female,45-49,58006
2012,Yellow,Female,50-54,50264
2012,Yellow,Female,55-59,45884
2012,Yellow,Female,60-64,41224
2012,Yellow,Female,65-69,34141
2012,Yellow,Female,70-74,28213
2012,Yellow,Female,75-79,19663
2012,Yellow,Female,80+,23928
2012,Indigenous,Male,0-4,53308
2012,Indigenous,Male,5-9,52529
2012,Indigenous,Male,10-14,49682
2012,Indigenous,Male,15-19,43673
2012,Indigenous,Male,20-24,39338
2012,Indigenous,Male,25-29,34339
2012,Indigenous,Male,30-34,29434
2012,Indigenous,Male,35-39,25716
2012,Indigenous,Male,40-44,21939
2012,Indigenous,Male,45-49,18690
2012,Indigenous,Male,50-54,15139
2012,Indigenous,Male,55-59,12505
2012,Indigenous,Male,60-64,9981
2012,Indigenous,Male,65-69,7782
2012,Indigenous,Male,70-74,5847
2012,Indigenous,Male,75-79,3793
2012,Indigenous,Male,80+,4537
2012,Indigenous,Female,0-4,51853
2012,Indigenous,Female,5-9,50813
2012,Indigenous,Female,10-14,48112
2012,Indigenous,Female,15-19,42744
2012,Indigenous,Female,20-24,37817
2012,Indigenous,Female,25-29,33567
2012,Indigenous,Female,30-34,29291
2012,Indigenous,Female,35-39,25194
2012,Indigenous,Female,40-44,21571
2012,Indigenous,Female,45-49,18812
2012,Indigenous,Female,50-54,15560
2012,Indigenous,Female,55-59,13666
2012,Indigenous,Female,60-64,11289
2012,Indigenous,Female,65-69,8977
2012,Indigenous,Female,70-74,6576
2012,Indigenous,Female,75-79,4399
2012,Indigenous,Female,80+,6344
2013,White,Male,0-4,3252971
2013,White,Male,5-9,3189859
2013,White,Male,10-14,3371447
2013,White,Male,15-19,3389022
2013,White,Male,20-24,3586454
2013,White,Male,25-29,3614985
2013,White,Male,30-34,3397138
2013,White,Male,35-39,3140114
2013,White,Male,40-44,3057065
2013,White,Male,45-49,2813819
2013,White,Male,50-54,2506750
2013,White,Male,55-59,2148219
2013,White,Male,60-64,1744912
2013,White,Male,65-69,1308527
2013,White,Male,70-74,997062
2013,White,Male,75-79,668015
2013,White,Male,80+,704517
2013,White,Female,0-4,3188317
2013,White,Female,5-9,3135930
2013,White,Female,10-14,3312711
2013,White,Female,15-19,3439637
2013,White,Female,20-24,3708097
2013,White,Female,25-29,3821991
2013,White,Female,30-34,3671968
2013,White,Female,35-39,3470593
2013,White,Female,40-44,3404374
2013,White,Female,45-49,3173353
2013,White,Female,50-54,2848289
2013,White,Female,55-59,2483969
2013,White,Female,60-64,2060155
2013,White,Female,65-69,1605508
2013,White,Female,70-74,1301605
2013,White,Female,75-79,956592
2013,White,Female,80+,1233937
2013,Black,Male,0-4,354554
2013,Black,Male,5-9,478288
2013,Black,Male,10-14,599241
2013,Black,Male,15-19,682499
2013,Black,Male,20-24,767414
2013,Black,Male,25-29,799251
2013,Black,Male,30-34,762473
2013,Black,Male,35-39,692244
2013,Black,Male,40-44,653437
2013,Black,Male,45-49,562030
2013,Black,Male,50-54,482843
2013,Black,Male,55-59,383659
2013,Black,Male,60-64,296561
2013,Black,Male,65-69,215378
2013,Black,Male,70-74,155347
2013,Black,Male,75-79,97391
2013,Black,Male,80+,100968
2013,Black,Female,0-4,327172
2013,Black,Female,5-9,430586
2013,Black,Female,10-14,534256
2013,Black,Female,15-19,604816
2013,Black,Female,20-24,682914
2013,Black,Female,25-29,711058
2013,Black,Female,30-34,674831
2013,Black,Female,35-39,615098
2013,Black,Female,40-44,587114
2013,Black,Female,45-49,524384
2013,Black,Female,50-54,472181
2013,Black,Female,55-59,394509
2013,Black,Female,60-64,318838
2013,Black,Female,65-69,241775
2013,Black,Female,70-74,184942
2013,Black,Female,75-79,124601
2013,Black,Female,80+,148229
2013,Brown,Male,0-4,3127971
2013,Brown,Male,5-9,3650494
2013,Brown,Male,10-14,4138201
2013,Brown,Male,15-19,4012525
2013,Brown,Male,20-24,3891010
2013,Brown,Male,25-29,3667343
2013,Brown,Male,30-34,3368248
2013,Brown,Male,35-39,3058588
2013,Brown,Male,40-44,2829892
2013,Brown,Male,45-49,2408527
2013,Brown,Male,50-54,2024210
2013,Brown,Male,55-59,1629089
2013,Brown,Male,60-64,1267483
2013,Brown,Male,65-69,929046
2013,Brown,Male,70-74,670943
2013,Brown,Male,75-79,417018
2013,Brown,Male,80+,428712
2013,Brown,Female,0-4,2990432
2013,Brown,Female,5-9,3476547
2013,Brown,Female,10-14,3967732
2013,Brown,Female,15-19,3862462
2013,Brown,Female,20-24,3806356
2013,Brown,Female,25-29,3719631
2013,Brown,Female,30-34,3495256
2013,Brown,Female,35-39,3182075
2013,Brown,Female,40-44,2936386
2013,Brown,Female,45-49,2548603
2013,Brown,Female,50-54,2178834
2013,Brown,Female,55-59,1798427
2013,Brown,Female,60-64,1408821
2013,Brown,Female,65-69,1051186
2013,Brown,Female,70-74,783925
2013,Brown,Female,75-79,510951
2013,Brown,Female,80+,593961
2013,Yellow,Male,0-4,42192
2013,Yellow,Male,5-9,48850
2013,Yellow,Male,10-14,53418
2013,Yellow,Male,15-19,54539
2013,Yellow,Male,20-24,60725
2013,Yellow,Male,25-29,62424
2013,Yellow,Male,30-34,59300
2013,Yellow,Male,35-39,53415
2013,Yellow,Male,40-44,50889
2013,Yellow,Male,45-49,45880
2013,Yellow,Male,50-54,40939
2013,Yellow,Male,55-59,37627
2013,Yellow,Male,60-64,34342
2013,Yellow,Male,65-69,28870
2013,Yellow,Male,70-74,24317
2013,Yellow,Male,75-79,16185
2013,Yellow,Male,80+,17214
2013,Yellow,Female,0-4,39921
2013,Yellow,Female,5-9,47055
2013,Yellow,Female,10-14,55394
2013,Yellow,Female,15-19,64782
2013,Yellow,Female,20-24,75623
2013,Yellow,Female,25-29,77505
2013,Yellow,Female,30-34,72055
2013,Yellow,Female,35-39,64528
2013,Yellow,Female,40-44,60795
2013,Yellow,Female,45-49,54054
2013,Yellow,Female,50-54,47399
2013,Yellow,Female,55-59,43748
2013,Yellow,Female,60-64,39648
2013,Yellow,Female,65-69,33362
2013,Yellow,Female,70-74,28024
2013,Yellow,Female,75-79,19798
2013,Yellow,Female,80+,24364
2013,Indigenous,Male,0-4,54531
2013,Indigenous,Male,5-9,53705
2013,Indigenous,Male,10-14,50725
2013,Indigenous,Male,15-19,44943
2013,Indigenous,Male,20-24,40483
2013,Indigenous,Male,25-29,35237
2013,Indigenous,Male,30-34,30206
2013,Indigenous,Male,35-39,26586
2013,Indigenous,Male,40-44,22794
2013,Indigenous,Male,45-49,19373
2013,Indigenous,Male,50-54,15708
2013,Indigenous,Male,55-59,13024
2013,Indigenous,Male,60-64,10452
2013,Indigenous,Male,65-69,8108
2013,Indigenous,Male,70-74,6048
2013,Indigenous,Male,75-79,3912
2013,Indigenous,Male,80+,4724
2013,Indigenous,Female,0-4,53018
2013,Indigenous,Female,5-9,51853
2013,Indigenous,Female,10-14,49054
2013,Indigenous,Female,15-19,43926
2013,Indigenous,Female,20-24,39043
2013,Indigenous,Female,25-29,34533
2013,Indigenous,Female,30-34,30159
2013,Indigenous,Female,35-39,26146
2013,Indigenous,Female,40-44,22447
2013,Indigenous,Female,45-49,19478
2013,Indigenous,Female,50-54,16148
2013,Indigenous,Female,55-59,14182
2013,Indigenous,Female,60-64,11749
2013,Indigenous,Female,65-69,9338
2013,Indigenous,Female,70-74,6827
2013,Indigenous,Female,75-79,4616
2013,Indigenous,Female,80+,6647
2014,White,Male,0-4,3213737
2014,White,Male,5-9,3156026
2014,White,Male,10-14,3293161
2014,White,Male,15-19,3315347
2014,White,Male,20-24,3513137
2014,White,Male,25-29,3538724
2014,White,Male,30-34,3354577
2014,White,Male,35-39,3141676
2014,White,Male,40-44,3071253
2014,White,Male,45-49,2801405
2014,White,Male,50-54,2516079
2014,White,Male,55-59,2182970
2014,White,Male,60-64,1789719
2014,White,Male,65-69,1352477
2014,White,Male,70-74,1029145
2014,White,Male,75-79,687354
2014,White,Male,80+,727080
2014,White,Female,0-4,3146098
2014,White,Female,5-9,3095779
2014,White,Female,10-14,3230908
2014,White,Female,15-19,3361782
2014,White,Female,20-24,3630529
2014,White,Female,25-29,3741914
2014,White,Female,30-34,3628247
2014,White,Female,35-39,3476904
2014,White,Female,40-44,3425364
2014,White,Female,45-49,3166787
2014,White,Female,50-54,2864629
2014,White,Female,55-59,2529819
2014,White,Female,60-64,2116923
2014,White,Female,65-69,1661802
2014,White,Female,70-74,1342794
2014,White,Female,75-79,981979
2014,White,Female,80+,1274285
2014,Black,Male,0-4,359353
2014,Black,Male,5-9,481930
2014,Black,Male,10-14,595981
2014,Black,Male,15-19,687513
2014,Black,Male,20-24,780699
2014,Black,Male,25-29,811792
2014,Black,Male,30-34,776473
2014,Black,Male,35-39,716448
2014,Black,Male,40-44,681091
2014,Black,Male,45-49,583894
2014,Black,Male,50-54,503507
2014,Black,Male,55-59,402943
2014,Black,Male,60-64,313730
2014,Black,Male,65-69,228367
2014,Black,Male,70-74,164245
2014,Black,Male,75-79,102730
2014,Black,Male,80+,106629
2014,Black,Female,0-4,332976
2014,Black,Female,5-9,436335
2014,Black,Female,10-14,532295
2014,Black,Female,15-19,609684
2014,Black,Female,20-24,695259
2014,Black,Female,25-29,723598
2014,Black,Female,30-34,689586
2014,Black,Female,35-39,639855
2014,Black,Female,40-44,613570
2014,Black,Female,45-49,544875
2014,Black,Female,50-54,491433
2014,Black,Female,55-59,414005
2014,Black,Female,60-64,337466
2014,Black,Female,65-69,256883
2014,Black,Female,70-74,195665
2014,Black,Female,75-79,131082
2014,Black,Female,80+,156669
2014,Brown,Male,0-4,3112390
2014,Brown,Male,5-9,3625910
2014,Brown,Male,10-14,4067655
2014,Brown,Male,15-19,3971845
2014,Brown,Male,20-24,3873338
2014,Brown,Male,25-29,3655148
2014,Brown,Male,30-34,3377111
2014,Brown,Male,35-39,3112740
2014,Brown,Male,40-44,2898096
2014,Brown,Male,45-49,2462126
2014,Brown,Male,50-54,2082555
2014,Brown,Male,55-59,1688794
2014,Brown,Male,60-64,1321039
2014,Brown,Male,65-69,970989
2014,Brown,Male,70-74,699143
2014,Brown,Male,75-79,433850
2014,Brown,Male,80+,445774
2014,Brown,Female,0-4,2978055
2014,Brown,Female,5-9,3456390
2014,Brown,Female,10-14,3897438
2014,Brown,Female,15-19,3816263
2014,Brown,Female,20-24,3790947
2014,Brown,Female,25-29,3715566
2014,Brown,Female,30-34,3513235
2014,Brown,Female,35-39,3244259
2014,Brown,Female,40-44,3010737
2014,Brown,Female,45-49,2605785
2014,Brown,Female,50-54,2240104
2014,Brown,Female,55-59,1866202
2014,Brown,Female,60-64,1471016
2014,Brown,Female,65-69,1100627
2014,Brown,Female,70-74,817309
2014,Brown,Female,75-79,531768
2014,Brown,Female,80+,619796
2014,Yellow,Male,0-4,37352
2014,Yellow,Male,5-9,43387
2014,Yellow,Male,10-14,47334
2014,Yellow,Male,15-19,48640
2014,Yellow,Male,20-24,54269
2014,Yellow,Male,25-29,55901
2014,Yellow,Male,30-34,53864
2014,Yellow,Male,35-39,49663
2014,Yellow,Male,40-44,47955
2014,Yellow,Male,45-49,42957
2014,Yellow,Male,50-54,38757
2014,Yellow,Male,55-59,35876
2014,Yellow,Male,60-64,32874
2014,Yellow,Male,65-69,28084
2014,Yellow,Male,70-74,23932
2014,Yellow,Male,75-79,16158
2014,Yellow,Male,80+,17355
2014,Yellow,Female,0-4,35362
2014,Yellow,Female,5-9,41674
2014,Yellow,Female,10-14,48726
2014,Yellow,Female,15-19,56849
2014,Yellow,Female,20-24,66697
2014,Yellow,Female,25-29,68615
2014,Yellow,Female,30-34,64664
2014,Yellow,Female,35-39,59343
2014,Yellow,Female,40-44,56612
2014,Yellow,Female,45-49,50316
2014,Yellow,Female,50-54,44514
2014,Yellow,Female,55-59,41538
2014,Yellow,Female,60-64,37884
2014,Yellow,Female,65-69,32422
2014,Yellow,Female,70-74,27573
2014,Yellow,Female,75-79,19714
2014,Yellow,Female,80+,24608
2014,Indigenous,Male,0-4,55863
2014,Indigenous,Male,5-9,54990
2014,Indigenous,Male,10-14,51893
2014,Indigenous,Male,15-19,46362
2014,Indigenous,Male,20-24,41719
2014,Indigenous,Male,25-29,36230
2014,Indigenous,Male,30-34,31105
2014,Indigenous,Male,35-39,27599
2014,Indigenous,Male,40-44,23775
2014,Indigenous,Male,45-49,20151
2014,Indigenous,Male,50-54,16440
2014,Indigenous,Male,55-59,13633
2014,Indigenous,Male,60-64,11006
2014,Indigenous,Male,65-69,8518
2014,Indigenous,Male,70-74,6353
2014,Indigenous,Male,75-79,4115
2014,Indigenous,Male,80+,4972
2014,Indigenous,Female,0-4,54330
2014,Indigenous,Female,5-9,53013
2014,Indigenous,Female,10-14,50116
2014,Indigenous,Female,15-19,45231
2014,Indigenous,Female,20-24,40409
2014,Indigenous,Female,25-29,35628
2014,Indigenous,Female,30-34,31156
2014,Indigenous,Female,35-39,27231
2014,Indigenous,Female,40-44,23458
2014,Indigenous,Female,45-49,20234
2014,Indigenous,Female,50-54,16832
2014,Indigenous,Female,55-59,14825
2014,Indigenous,Female,60-64,12328
2014,Indigenous,Female,65-69,9813
2014,Indigenous,Female,70-74,7196
2014,Indigenous,Female,75-79,4928
2014,Indigenous,Female,80+,7035
2015,White,Male,0-4,3175336
2015,White,Male,5-9,3123078
2015,White,Male,10-14,3217261
2015,White,Male,15-19,3243639
2015,White,Male,20-24,3441692
2015,White,Male,25-29,3464579
2015,White,Male,30-34,3313047
2015,White,Male,35-39,3143584
2015,White,Male,40-44,3085874
2015,White,Male,45-49,2789297
2015,White,Male,50-54,2525614
2015,White,Male,55-59,2218427
2015,White,Male,60-64,1835706
2015,White,Male,65-69,1398061
2015,White,Male,70-74,1062313
2015,White,Male,75-79,707231
2015,White,Male,80+,750388
2015,White,Female,0-4,3104948
2015,White,Female,5-9,3056769
2015,White,Female,10-14,3151649
2015,White,Female,15-19,3286099
2015,White,Female,20-24,3555099
2015,White,Female,25-29,3664048
2015,White,Female,30-34,3585550
2015,White,Female,35-39,3483617
2015,White,Female,40-44,3446837
2015,White,Female,45-49,3160648
2015,White,Female,50-54,2881324
2015,White,Female,55-59,2576801
2015,White,Female,60-64,2175493
2015,White,Female,65-69,1720288
2015,White,Female,70-74,1385421
2015,White,Female,75-79,1008223
2015,White,Female,80+,1316030
2015,Black,Male,0-4,364215
2015,Black,Male,5-9,485656
2015,Black,Male,10-14,592836
2015,Black,Male,15-19,692664
2015,Black,Male,20-24,794380
2015,Black,Male,25-29,824655
2015,Black,Male,30-34,790927
2015,Black,Male,35-39,741667
2015,Black,Male,40-44,710061
2015,Black,Male,45-49,606699
2015,Black,Male,50-54,525242
2015,Black,Male,55-59,423284
2015,Black,Male,60-64,331870
2015,Black,Male,65-69,242080
2015,Black,Male,70-74,173417
2015,Black,Male,75-79,108015
2015,Black,Male,80+,112372
2015,Black,Female,0-4,338804
2015,Black,Female,5-9,442220
2015,Black,Female,10-14,530416
2015,Black,Female,15-19,614638
2015,Black,Female,20-24,707925
2015,Black,Female,25-29,736505
2015,Black,Female,30-34,704785
2015,Black,Female,35-39,665731
2015,Black,Female,40-44,641399
2015,Black,Female,45-49,566301
2015,Black,Female,50-54,511472
2015,Black,Female,55-59,434552
2015,Black,Female,60-64,357078
2015,Black,Female,65-69,272819
2015,Black,Female,70-74,206799
2015,Black,Female,75-79,137617
2015,Black,Female,80+,165341
2015,Brown,Male,0-4,3097905
2015,Brown,Male,5-9,3602679
2015,Brown,Male,10-14,3999318
2015,Brown,Male,15-19,3932465
2015,Brown,Male,20-24,3856770
2015,Brown,Male,25-29,3644444
2015,Brown,Male,30-34,3387169
2015,Brown,Male,35-39,3168696
2015,Brown,Male,40-44,2968573
2015,Brown,Male,45-49,2517338
2015,Brown,Male,50-54,2143048
2015,Brown,Male,55-59,1751066
2015,Brown,Male,60-64,1377268
2015,Brown,Male,65-69,1015155
2015,Brown,Male,70-74,728650
2015,Brown,Male,75-79,451421
2015,Brown,Male,80+,463612
2015,Brown,Female,0-4,2966627
2015,Brown,Female,5-9,3437429
2015,Brown,Female,10-14,3829241
2015,Brown,Female,15-19,3771449
2015,Brown,Female,20-24,3776809
2015,Brown,Female,25-29,3712882
2015,Brown,Female,30-34,3532316
2015,Brown,Female,35-39,3308469
2015,Brown,Female,40-44,3087678
2015,Brown,Female,45-49,2664778
2015,Brown,Female,50-54,2303608
2015,Brown,Female,55-59,1936941
2015,Brown,Female,60-64,1536421
2015,Brown,Female,65-69,1152888
2015,Brown,Female,70-74,852404
2015,Brown,Female,75-79,553527
2015,Brown,Female,80+,646985
2015,Yellow,Male,0-4,33198
2015,Yellow,Male,5-9,38729
2015,Yellow,Male,10-14,42137
2015,Yellow,Male,15-19,43616
2015,Yellow,Male,20-24,48676
2015,Yellow,Male,25-29,50317
2015,Yellow,Male,30-34,49258
2015,Yellow,Male,35-39,46434
2015,Yellow,Male,40-44,45309
2015,Yellow,Male,45-49,40489
2015,Yellow,Male,50-54,36780
2015,Yellow,Male,55-59,34314
2015,Yellow,Male,60-64,31649
2015,Yellow,Male,65-69,27492
2015,Yellow,Male,70-74,23719
2015,Yellow,Male,75-79,16254
2015,Yellow,Male,80+,17674
2015,Yellow,Female,0-4,31470
2015,Yellow,Female,5-9,37116
2015,Yellow,Female,10-14,43106
2015,Yellow,Female,15-19,50213
2015,Yellow,Female,20-24,59040
2015,Yellow,Female,25-29,60899
2015,Yellow,Female,30-34,58257
2015,Yellow,Female,35-39,54797
2015,Yellow,Female,40-44,52953
2015,Yellow,Female,45-49,47076
2015,Yellow,Female,50-54,42024
2015,Yellow,Female,55-59,39574
2015,Yellow,Female,60-64,36346
2015,Yellow,Female,65-69,31644
2015,Yellow,Female,70-74,27338
2015,Yellow,Female,75-79,19806
2015,Yellow,Female,80+,24993
2015,Indigenous,Male,0-4,57199
2015,Indigenous,Male,5-9,56268
2015,Indigenous,Male,10-14,53046
2015,Indigenous,Male,15-19,47771
2015,Indigenous,Male,20-24,43000
2015,Indigenous,Male,25-29,37180
2015,Indigenous,Male,30-34,31924
2015,Indigenous,Male,35-39,28493
2015,Indigenous,Male,40-44,24657
2015,Indigenous,Male,45-49,20830
2015,Indigenous,Male,50-54,17004
2015,Indigenous,Male,55-59,14108
2015,Indigenous,Male,60-64,11402
2015,Indigenous,Male,65-69,8800
2015,Indigenous,Male,70-74,6541
2015,Indigenous,Male,75-79,4210
2015,Indigenous,Male,80+,5121
2015,Indigenous,Female,0-4,55586
2015,Indigenous,Female,5-9,54139
2015,Indigenous,Female,10-14,51180
2015,Indigenous,Female,15-19,46540
2015,Indigenous,Female,20-24,41753
2015,Indigenous,Female,25-29,36702
2015,Indigenous,Female,30-34,32043
2015,Indigenous,Female,35-39,28236
2015,Indigenous,Female,40-44,24395
2015,Indigenous,Female,45-49,20886
2015,Indigenous,Female,50-54,17421
2015,Indigenous,Female,55-59,15341
2015,Indigenous,Female,60-64,12788
2015,Indigenous,Female,65-69,10132
2015,Indigenous,Female,70-74,7436
2015,Indigenous,Female,75-79,5108
2015,Indigenous,Female,80+,7274
2016,White,Male,0-4,3137885
2016,White,Male,5-9,3091050
2016,White,Male,10-14,3143523
2016,White,Male,15-19,3173911
2016,White,Male,20-24,3372100
2016,White,Male,25-29,3392482
2016,White,Male,30-34,3272514
2016,White,Male,35-39,3145838
2016,White,Male,40-44,3100849
2016,White,Male,45-49,2777633
2016,White,Male,50-54,2535426
2016,White,Male,55-59,2254730
2016,White,Male,60-64,1883108
2016,White,Male,65-69,1445214
2016,White,Male,70-74,1096622
2016,White,Male,75-79,727601
2016,White,Male,80+,774370
2016,White,Female,0-4,3064755
2016,White,Female,5-9,3018826
2016,White,Female,10-14,3074795
2016,White,Female,15-19,3212509
2016,White,Female,20-24,3481613
2016,White,Female,25-29,3588332
2016,White,Female,30-34,3543903
2016,White,Female,35-39,3490714
2016,White,Female,40-44,3468818
2016,White,Female,45-49,3154894
2016,White,Female,50-54,2898496
2016,White,Female,55-59,2624971
2016,White,Female,60-64,2235987
2016,White,Female,65-69,1780983
2016,White,Female,70-74,1429547
2016,White,Female,75-79,1034993
2016,White,Female,80+,1359253
2016,Black,Male,0-4,368979
2016,Black,Male,5-9,489479
2016,Black,Male,10-14,589715
2016,Black,Male,15-19,697877
2016,Black,Male,20-24,808376
2016,Black,Male,25-29,837868
2016,Black,Male,30-34,805636
2016,Black,Male,35-39,767932
2016,Black,Male,40-44,740406
2016,Black,Male,45-49,630428
2016,Black,Male,50-54,547906
2016,Black,Male,55-59,444569
2016,Black,Male,60-64,350986
2016,Black,Male,65-69,256514
2016,Black,Male,70-74,183002
2016,Black,Male,75-79,113467
2016,Black,Male,80+,118254
2016,Black,Female,0-4,344675
2016,Black,Female,5-9,448185
2016,Black,Female,10-14,528579
2016,Black,Female,15-19,619602
2016,Black,Female,20-24,720809
2016,Black,Female,25-29,749686
2016,Black,Female,30-34,720341
2016,Black,Female,35-39,692655
2016,Black,Female,40-44,670532
2016,Black,Female,45-49,588566
2016,Black,Female,50-54,532353
2016,Black,Female,55-59,455951
2016,Black,Female,60-64,377839
2016,Black,Female,65-69,289652
2016,Black,Female,70-74,218406
2016,Black,Female,75-79,144283
2016,Black,Female,80+,174306
2016,Brown,Male,0-4,3084349
2016,Brown,Male,5-9,3580732
2016,Brown,Male,10-14,3933018
2016,Brown,Male,15-19,3894410
2016,Brown,Male,20-24,3841539
2016,Brown,Male,25-29,3635188
2016,Brown,Male,30-34,3398355
2016,Brown,Male,35-39,3226461
2016,Brown,Male,40-44,3041473
2016,Brown,Male,45-49,2574385
2016,Brown,Male,50-54,2205767
2016,Brown,Male,55-59,1815834
2016,Brown,Male,60-64,1436246
2016,Brown,Male,65-69,1061714
2016,Brown,Male,70-74,759578
2016,Brown,Male,75-79,469719
2016,Brown,Male,80+,482167
2016,Brown,Female,0-4,2956151
2016,Brown,Female,5-9,3419644
2016,Brown,Female,10-14,3763198
2016,Brown,Female,15-19,3728017
2016,Brown,Female,20-24,3763894
2016,Brown,Female,25-29,3711490
2016,Brown,Female,30-34,3552635
2016,Brown,Female,35-39,3374835
2016,Brown,Female,40-44,3167217
2016,Brown,Female,45-49,2725699
2016,Brown,Female,50-54,2369378
2016,Brown,Female,55-59,2010801
2016,Brown,Female,60-64,1605220
2016,Brown,Female,65-69,1208031
2016,Brown,Female,70-74,889147
2016,Brown,Female,75-79,576158
2016,Brown,Female,80+,675374
2016,Yellow,Male,0-4,28891
2016,Yellow,Male,5-9,34073
2016,Yellow,Male,10-14,36989
2016,Yellow,Male,15-19,38590
2016,Yellow,Male,20-24,43220
2016,Yellow,Male,25-29,44844
2016,Yellow,Male,30-34,44421
2016,Yellow,Male,35-39,42852
2016,Yellow,Male,40-44,42401
2016,Yellow,Male,45-49,37529
2016,Yellow,Male,50-54,34339
2016,Yellow,Male,55-59,32140
2016,Yellow,Male,60-64,29690
2016,Yellow,Male,65-69,26147
2016,Yellow,Male,70-74,22666
2016,Yellow,Male,75-79,15434
2016,Yellow,Male,80+,17179
2016,Yellow,Female,0-4,27429
2016,Yellow,Female,5-9,32576
2016,Yellow,Female,10-14,37595
2016,Yellow,Female,15-19,43919
2016,Yellow,Female,20-24,51932
2016,Yellow,Female,25-29,53680
2016,Yellow,Female,30-34,52087
2016,Yellow,Female,35-39,50148
2016,Yellow,Female,40-44,49055
2016,Yellow,Female,45-49,43488
2016,Yellow,Female,50-54,39087
2016,Yellow,Female,55-59,37045
2016,Yellow,Female,60-64,34216
2016,Yellow,Female,65-69,30145
2016,Yellow,Female,70-74,26348
2016,Yellow,Female,75-79,19103
2016,Yellow,Female,80+,24681
2016,Indigenous,Male,0-4,58359
2016,Indigenous,Male,5-9,57242
2016,Indigenous,Male,10-14,53885
2016,Indigenous,Male,15-19,48879
2016,Indigenous,Male,20-24,43978
2016,Indigenous,Male,25-29,37791
2016,Indigenous,Male,30-34,32429
2016,Indigenous,Male,35-39,29084
2016,Indigenous,Male,40-44,25206
2016,Indigenous,Male,45-49,21182
2016,Indigenous,Male,50-54,17229
2016,Indigenous,Male,55-59,14235
2016,Indigenous,Male,60-64,11485
2016,Indigenous,Male,65-69,8707
2016,Indigenous,Male,70-74,6371
2016,Indigenous,Male,75-79,4016
2016,Indigenous,Male,80+,5006
2016,Indigenous,Female,0-4,56619
2016,Indigenous,Female,5-9,55008
2016,Indigenous,Female,10-14,51924
2016,Indigenous,Female,15-19,47507
2016,Indigenous,Female,20-24,42836
2016,Indigenous,Female,25-29,37455
2016,Indigenous,Female,30-34,32643
2016,Indigenous,Female,35-39,28897
2016,Indigenous,Female,40-44,24990
2016,Indigenous,Female,45-49,21197
2016,Indigenous,Female,50-54,17654
2016,Indigenous,Female,55-59,15549
2016,Indigenous,Female,60-64,12865
2016,Indigenous,Female,65-69,10148
2016,Indigenous,Female,70-74,7368
2016,Indigenous,Female,75-79,5004
2016,Indigenous,Female,80+,7251
2017,White,Male,0-4,3101962
2017,White,Male,5-9,3060317
2017,White,Male,10-14,3072353
2017,White,Male,15-19,3106413
2017,White,Male,20-24,3304747
2017,White,Male,25-29,3322809
2017,White,Male,30-34,3233596
2017,White,Male,35-39,3149362
2017,White,Male,40-44,3117163
2017,White,Male,45-49,2767175
2017,White,Male,50-54,2546532
2017,White,Male,55-59,2292360
2017,White,Male,60-64,1932473
2017,White,Male,65-69,1494840
2017,White,Male,70-74,1132906
2017,White,Male,75-79,749471
2017,White,Male,80+,800060
2017,White,Female,0-4,3026145
2017,White,Female,5-9,2982279
2017,White,Female,10-14,3000579
2017,White,Female,15-19,3141340
2017,White,Female,20-24,3410476
2017,White,Female,25-29,3515240
2017,White,Female,30-34,3503925
2017,White,Female,35-39,3499138
2017,White,Female,40-44,3492170
2017,White,Female,45-49,3150351
2017,White,Female,50-54,2917064
2017,White,Female,55-59,2675005
2017,White,Female,60-64,2299020
2017,White,Female,65-69,1844749
2017,White,Female,70-74,1476007
2017,White,Female,75-79,1063454
2017,White,Female,80+,1404640
2017,Black,Male,0-4,375152
2017,Black,Male,5-9,494564
2017,Black,Male,10-14,587819
2017,Black,Male,15-19,704394
2017,Black,Male,20-24,823912
2017,Black,Male,25-29,852541
2017,Black,Male,30-34,821964
2017,Black,Male,35-39,796108
2017,Black,Male,40-44,773053
2017,Black,Male,45-49,656091
2017,Black,Male,50-54,572403
2017,Black,Male,55-59,467906
2017,Black,Male,60-64,372128
2017,Black,Male,65-69,272726
2017,Black,Male,70-74,194105
2017,Black,Male,75-79,120195
2017,Black,Male,80+,125466
2017,Black,Female,0-4,351949
2017,Black,Female,5-9,455493
2017,Black,Female,10-14,527974
2017,Black,Female,15-19,625851
2017,Black,Female,20-24,735218
2017,Black,Female,25-29,764350
2017,Black,Female,30-34,737503
2017,Black,Female,35-39,721820
2017,Black,Female,40-44,701960
2017,Black,Female,45-49,612872
2017,Black,Female,50-54,555056
2017,Black,Female,55-59,479441
2017,Black,Female,60-64,400606
2017,Black,Female,65-69,308539
2017,Black,Female,70-74,231647
2017,Black,Female,75-79,152289
2017,Black,Female,80+,184759
2017,Brown,Male,0-4,3072542
2017,Brown,Male,5-9,3560623
2017,Brown,Male,10-14,3869309
2017,Brown,Male,15-19,3858166
2017,Brown,Male,20-24,3828212
2017,Brown,Male,25-29,3627969
2017,Brown,Male,30-34,3411591
2017,Brown,Male,35-39,3286868
2017,Brown,Male,40-44,3117376
2017,Brown,Male,45-49,2633879
2017,Brown,Male,50-54,2271118
2017,Brown,Male,55-59,1883752
2017,Brown,Male,60-64,1498488
2017,Brown,Male,65-69,1111308
2017,Brown,Male,70-74,792627
2017,Brown,Male,75-79,489567
2017,Brown,Male,80+,502282
2017,Brown,Female,0-4,2947389
2017,Brown,Female,5-9,3403706
2017,Brown,Female,10-14,3699578
2017,Brown,Female,15-19,3686513
2017,Brown,Female,20-24,3752892
2017,Brown,Female,25-29,3712230
2017,Brown,Female,30-34,3574927
2017,Brown,Female,35-39,3444048
2017,Brown,Female,40-44,3250059
2017,Brown,Female,45-49,2789113
2017,Brown,Female,50-54,2438012
2017,Brown,Female,55-59,2088239
2017,Brown,Female,60-64,1677971
2017,Brown,Female,65-69,1266716
2017,Brown,Female,70-74,928386
2017,Brown,Female,75-79,600544
2017,Brown,Female,80+,705706
2017,Yellow,Male,0-4,25796
2017,Yellow,Male,5-9,30546
2017,Yellow,Male,10-14,33079
2017,Yellow,Male,15-19,34812
2017,Yellow,Male,20-24,39067
2017,Yellow,Male,25-29,40577
2017,Yellow,Male,30-34,40937
2017,Yellow,Male,35-39,40459
2017,Yellow,Male,40-44,40593
2017,Yellow,Male,45-49,35747
2017,Yellow,Male,50-54,33055
2017,Yellow,Male,55-59,31136
2017,Yellow,Male,60-64,28965
2017,Yellow,Male,65-69,26071
2017,Yellow,Male,70-74,22916
2017,Yellow,Male,75-79,15969
2017,Yellow,Male,80+,17977
2017,Yellow,Female,0-4,24518
2017,Yellow,Female,5-9,29177
2017,Yellow,Female,10-14,33438
2017,Yellow,Female,15-19,39089
2017,Yellow,Female,20-24,46350
2017,Yellow,Female,25-29,48018
2017,Yellow,Female,30-34,47367
2017,Yellow,Female,35-39,46893
2017,Yellow,Female,40-44,46493
2017,Yellow,Female,45-49,41141
2017,Yellow,Female,50-54,37342
2017,Yellow,Female,55-59,35743
2017,Yellow,Female,60-64,33265
2017,Yellow,Female,65-69,29881
2017,Yellow,Female,70-74,26632
2017,Yellow,Female,75-79,19655
2017,Yellow,Female,80+,25610
2017,Indigenous,Male,0-4,60448
2017,Indigenous,Male,5-9,59267
2017,Indigenous,Male,10-14,55770
2017,Indigenous,Male,15-19,51146
2017,Indigenous,Male,20-24,46085
2017,Indigenous,Male,25-29,39497
2017,Indigenous,Male,30-34,34073
2017,Indigenous,Male,35-39,30819
2017,Indigenous,Male,40-44,26960
2017,Indigenous,Male,45-49,22714
2017,Indigenous,Male,50-54,18622
2017,Indigenous,Male,55-59,15551
2017,Indigenous,Male,60-64,12750
2017,Indigenous,Male,65-69,9742
2017,Indigenous,Male,70-74,7185
2017,Indigenous,Male,75-79,4689
2017,Indigenous,Male,80+,5753
2017,Indigenous,Female,0-4,58641
2017,Indigenous,Female,5-9,56884
2017,Indigenous,Female,10-14,53761
2017,Indigenous,Female,15-19,49661
2017,Indigenous,Female,20-24,45085
2017,Indigenous,Female,25-29,39373
2017,Indigenous,Female,30-34,34368
2017,Indigenous,Female,35-39,30831
2017,Indigenous,Female,40-44,26833
2017,Indigenous,Female,45-49,22748
2017,Indigenous,Female,50-54,19077
2017,Indigenous,Female,55-59,16893
2017,Indigenous,Female,60-64,14070
2017,Indigenous,Female,65-69,11224
2017,Indigenous,Female,70-74,8301
2017,Indigenous,Female,75-79,5804
2017,Indigenous,Female,80+,8180
2018,White,Male,0-4,3066905
2018,White,Male,5-9,3030452
2018,White,Male,10-14,3003142
2018,White,Male,15-19,3040781
2018,White,Male,20-24,3239077
2018,White,Male,25-29,3255041
2018,White,Male,30-34,3195703
2018,White,Male,35-39,3153185
2018,White,Male,40-44,3133964
2018,White,Male,45-49,2757070
2018,White,Male,50-54,2557825
2018,White,Male,55-59,2330907
2018,White,Male,60-64,1983258
2018,White,Male,65-69,1546300
2018,White,Male,70-74,1170430
2018,White,Male,75-79,771892
2018,White,Male,80+,826460
2018,White,Female,0-4,2988452
2018,White,Female,5-9,2946792
2018,White,Female,10-14,2928582
2018,White,Female,15-19,3072125
2018,White,Female,20-24,3341199
2018,White,Female,25-29,3444155
2018,White,Female,30-34,3465031
2018,White,Female,35-39,3507993
2018,White,Female,40-44,3516179
2018,White,Female,45-49,3146243
2018,White,Female,50-54,2936121
2018,White,Female,55-59,2726341
2018,White,Female,60-64,2364123
2018,White,Female,65-69,1911048
2018,White,Female,70-74,1523989
2018,White,Female,75-79,1092579
2018,White,Female,80+,1451546
2018,Black,Male,0-4,381272
2018,Black,Male,5-9,499683
2018,Black,Male,10-14,585993
2018,Black,Male,15-19,710922
2018,Black,Male,20-24,839694
2018,Black,Male,25-29,867633
2018,Black,Male,30-34,838690
2018,Black,Male,35-39,825480
2018,Black,Male,40-44,807207
2018,Black,Male,45-49,682900
2018,Black,Male,50-54,598051
2018,Black,Male,55-59,492317
2018,Black,Male,60-64,394253
2018,Black,Male,65-69,289778
2018,Black,Male,70-74,205544
2018,Black,Male,75-79,126964
2018,Black,Male,80+,132731
2018,Black,Female,0-4,359237
2018,Black,Female,5-9,462858
2018,Black,Female,10-14,527285
2018,Black,Female,15-19,632137
2018,Black,Female,20-24,749850
2018,Black,Female,25-29,779387
2018,Black,Female,30-34,755061
2018,Black,Female,35-39,752257
2018,Black,Female,40-44,734942
2018,Black,Female,45-49,638016
2018,Black,Female,50-54,578699
2018,Black,Female,55-59,504056
2018,Black,Female,60-64,424749
2018,Black,Female,65-69,328415
2018,Black,Female,70-74,245421
2018,Black,Female,75-79,160403
2018,Black,Female,80+,195520
2018,Brown,Male,0-4,3061791
2018,Brown,Male,5-9,3541873
2018,Brown,Male,10-14,3807570
2018,Brown,Male,15-19,3823112
2018,Brown,Male,20-24,3816115
2018,Brown,Male,25-29,3622250
2018,Brown,Male,30-34,3426026
2018,Brown,Male,35-39,3349339
2018,Brown,Male,40-44,3195995
2018,Brown,Male,45-49,2695285
2018,Brown,Male,50-54,2338905
2018,Brown,Male,55-59,1954562
2018,Brown,Male,60-64,1563834
2018,Brown,Male,65-69,1163640
2018,Brown,Male,70-74,827307
2018,Brown,Male,75-79,510188
2018,Brown,Male,80+,523259
2018,Brown,Female,0-4,2939702
2018,Brown,Female,5-9,3388994
2018,Brown,Female,10-14,3637964
2018,Brown,Female,15-19,3646385
2018,Brown,Female,20-24,3743127
2018,Brown,Female,25-29,3714363
2018,Brown,Female,30-34,3598534
2018,Brown,Female,35-39,3515540
2018,Brown,Female,40-44,3335818
2018,Brown,Female,45-49,2854666
2018,Brown,Female,50-54,2509157
2018,Brown,Female,55-59,2169137
2018,Brown,Female,60-64,1754522
2018,Brown,Female,65-69,1328773
2018,Brown,Female,70-74,969566
2018,Brown,Female,75-79,625900
2018,Brown,Female,80+,737510
2018,Yellow,Male,0-4,23096
2018,Yellow,Male,5-9,27487
2018,Yellow,Male,10-14,29644
2018,Yellow,Male,15-19,31469
2018,Yellow,Male,20-24,35367
2018,Yellow,Male,25-29,36828
2018,Yellow,Male,30-34,37805
2018,Yellow,Male,35-39,38343
2018,Yellow,Male,40-44,38910
2018,Yellow,Male,45-49,34125
2018,Yellow,Male,50-54,31772
2018,Yellow,Male,55-59,30108
2018,Yellow,Male,60-64,28165
2018,Yellow,Male,65-69,25769
2018,Yellow,Male,70-74,23001
2018,Yellow,Male,75-79,16324
2018,Yellow,Male,80+,18573
2018,Yellow,Female,0-4,21992
2018,Yellow,Female,5-9,26181
2018,Yellow,Female,10-14,29794
2018,Yellow,Female,15-19,34934
2018,Yellow,Female,20-24,41452
2018,Yellow,Female,25-29,43029
2018,Yellow,Female,30-34,43187
2018,Yellow,Female,35-39,43887
2018,Yellow,Female,40-44,44145
2018,Yellow,Female,45-49,39043
2018,Yellow,Female,50-54,35697
2018,Yellow,Female,55-59,34465
2018,Yellow,Female,60-64,32259
2018,Yellow,Female,65-69,29545
2018,Yellow,Female,70-74,26780
2018,Yellow,Female,75-79,20054
2018,Yellow,Female,80+,26426
2018,Indigenous,Male,0-4,62225
2018,Indigenous,Male,5-9,60994
2018,Indigenous,Male,10-14,57426
2018,Indigenous,Male,15-19,53144
2018,Indigenous,Male,20-24,47875
2018,Indigenous,Male,25-29,40875
2018,Indigenous,Male,30-34,35274
2018,Indigenous,Male,35-39,32156
2018,Indigenous,Male,40-44,28295
2018,Indigenous,Male,45-49,23769
2018,Indigenous,Male,50-54,19566
2018,Indigenous,Male,55-59,16341
2018,Indigenous,Male,60-64,13452
2018,Indigenous,Male,65-69,10250
2018,Indigenous,Male,70-74,7538
2018,Indigenous,Male,75-79,4907
2018,Indigenous,Male,80+,6054
2018,Indigenous,Female,0-4,60360
2018,Indigenous,Female,5-9,58496
2018,Indigenous,Female,10-14,55314
2018,Indigenous,Female,15-19,51528
2018,Indigenous,Female,20-24,46965
2018,Indigenous,Female,25-29,40928
2018,Indigenous,Female,30-34,35746
2018,Indigenous,Female,35-39,32309
2018,Indigenous,Female,40-44,28257
2018,Indigenous,Female,45-49,23804
2018,Indigenous,Female,50-54,20050
2018,Indigenous,Female,55-59,17726
2018,Indigenous,Female,60-64,14800
2018,Indigenous,Female,65-69,11772
2018,Indigenous,Female,70-74,8718
2018,Indigenous,Female,75-79,6156
2018,Indigenous,Female,80+,8616
2019,White,Male,0-4,3032695
2019,White,Male,5-9,3001259
2019,White,Male,10-14,2936044
2019,White,Male,15-19,2976893
2019,White,Male,20-24,3175147
2019,White,Male,25-29,3189103
2019,White,Male,30-34,3158723
2019,White,Male,35-39,3157500
2019,White,Male,40-44,3151174
2019,White,Male,45-49,2747395
2019,White,Male,50-54,2569508
2019,White,Male,55-59,2370259
2019,White,Male,60-64,2035531
2019,White,Male,65-69,1599688
2019,White,Male,70-74,1209278
2019,White,Male,75-79,795074
2019,White,Male,80+,853874
2019,White,Female,0-4,2951667
2019,White,Female,5-9,2912256
2019,White,Female,10-14,2858764
2019,White,Female,15-19,3004790
2019,White,Female,20-24,3273741
2019,White,Female,25-29,3375028
2019,White,Female,30-34,3427060
2019,White,Female,35-39,3517340
2019,White,Female,40-44,3540616
2019,White,Female,45-49,3142395
2019,White,Female,50-54,2955584
2019,White,Female,55-59,2779008
2019,White,Female,60-64,2431306
2019,White,Female,65-69,1980005
2019,White,Female,70-74,1573702
2019,White,Female,75-79,1122615
2019,White,Female,80+,1500235
2019,Black,Male,0-4,387487
2019,Black,Male,5-9,504874
2019,Black,Male,10-14,584161
2019,Black,Male,15-19,717677
2019,Black,Male,20-24,856007
2019,Black,Male,25-29,883206
2019,Black,Male,30-34,856022
2019,Black,Male,35-39,856182
2019,Black,Male,40-44,843154
2019,Black,Male,45-49,710949
2019,Black,Male,50-54,625082
2019,Black,Male,55-59,518234
2019,Black,Male,60-64,417860
2019,Black,Male,65-69,307922
2019,Black,Male,70-74,217673
2019,Black,Male,75-79,133924
2019,Black,Male,80+,140292
2019,Black,Female,0-4,366575
2019,Black,Female,5-9,470393
2019,Black,Female,10-14,526736
2019,Black,Female,15-19,638549
2019,Black,Female,20-24,764951
2019,Black,Female,25-29,794828
2019,Black,Female,30-34,773199
2019,Black,Female,35-39,784157
2019,Black,Female,40-44,769590
2019,Black,Female,45-49,664392
2019,Black,Female,50-54,603463
2019,Black,Female,55-59,530042
2019,Black,Female,60-64,450288
2019,Black,Female,65-69,349548
2019,Black,Female,70-74,259989
2019,Black,Female,75-79,168871
2019,Black,Female,80+,206792
2019,Brown,Male,0-4,3052036
2019,Brown,Male,5-9,3524382
2019,Brown,Male,10-14,3747775
2019,Brown,Male,15-19,3789284
2019,Brown,Male,20-24,3805315
2019,Brown,Male,25-29,3618054
2019,Brown,Male,30-34,3441833
2019,Brown,Male,35-39,3413927
2019,Brown,Male,40-44,3277357
2019,Brown,Male,45-49,2758750
2019,Brown,Male,50-54,2409330
2019,Brown,Male,55-59,2028439
2019,Brown,Male,60-64,1632523
2019,Brown,Male,65-69,1218874
2019,Brown,Male,70-74,863778
2019,Brown,Male,75-79,531725
2019,Brown,Male,80+,545264
2019,Brown,Female,0-4,2932900
2019,Brown,Female,5-9,3375448
2019,Brown,Female,10-14,3578252
2019,Brown,Female,15-19,3607527
2019,Brown,Female,20-24,3734614
2019,Brown,Female,25-29,3717942
2019,Brown,Female,30-34,3623523
2019,Brown,Female,35-39,3589618
2019,Brown,Female,40-44,3424654
2019,Brown,Female,45-49,2922345
2019,Brown,Female,50-54,2582951
2019,Brown,Female,55-59,2253698
2019,Brown,Female,60-64,1835100
2019,Brown,Female,65-69,1394399
2019,Brown,Female,70-74,1012842
2019,Brown,Female,75-79,652496
2019,Brown,Female,80+,770902
2019,Yellow,Male,0-4,20208
2019,Yellow,Male,5-9,24289
2019,Yellow,Male,10-14,26171
2019,Yellow,Male,15-19,28088
2019,Yellow,Male,20-24,31694
2019,Yellow,Male,25-29,33056
2019,Yellow,Male,30-34,34459
2019,Yellow,Male,35-39,35972
2019,Yellow,Male,40-44,37026
2019,Yellow,Male,45-49,32157
2019,Yellow,Male,50-54,30148
2019,Yellow,Male,55-59,28719
2019,Yellow,Male,60-64,26952
2019,Yellow,Male,65-69,25084
2019,Yellow,Male,70-74,22715
2019,Yellow,Male,75-79,16369
2019,Yellow,Male,80+,18863
2019,Yellow,Female,0-4,19286
2019,Yellow,Female,5-9,23073
2019,Yellow,Female,10-14,26104
2019,Yellow,Female,15-19,30892
2019,Yellow,Female,20-24,36828
2019,Yellow,Female,25-29,38244
2019,Yellow,Female,30-34,39103
2019,Yellow,Female,35-39,40854
2019,Yellow,Female,40-44,41667
2019,Yellow,Female,45-49,36648
2019,Yellow,Female,50-54,33722
2019,Yellow,Female,55-59,32826
2019,Yellow,Female,60-64,30842
2019,Yellow,Female,65-69,28843
2019,Yellow,Female,70-74,26529
2019,Yellow,Female,75-79,20145
2019,Yellow,Female,80+,26927
2019,Indigenous,Male,0-4,64047
2019,Indigenous,Male,5-9,62764
2019,Indigenous,Male,10-14,59066
2019,Indigenous,Male,15-19,55140
2019,Indigenous,Male,20-24,49655
2019,Indigenous,Male,25-29,42235
2019,Indigenous,Male,30-34,36525
2019,Indigenous,Male,35-39,33500
2019,Indigenous,Male,40-44,29642
2019,Indigenous,Male,45-49,24846
2019,Indigenous,Male,50-54,20528
2019,Indigenous,Male,55-59,17166
2019,Indigenous,Male,60-64,14132
2019,Indigenous,Male,65-69,10757
2019,Indigenous,Male,70-74,7884
2019,Indigenous,Male,75-79,5107
2019,Indigenous,Male,80+,6330
2019,Indigenous,Female,0-4,62141
2019,Indigenous,Female,5-9,60132
2019,Indigenous,Female,10-14,56890
2019,Indigenous,Female,15-19,53404
2019,Indigenous,Female,20-24,48895
2019,Indigenous,Female,25-29,42476
2019,Indigenous,Female,30-34,37130
2019,Indigenous,Female,35-39,33861
2019,Indigenous,Female,40-44,29712
2019,Indigenous,Female,45-49,24868
2019,Indigenous,Female,50-54,21024
2019,Indigenous,Female,55-59,18578
2019,Indigenous,Female,60-64,15504
2019,Indigenous,Female,65-69,12374
2019,Indigenous,Female,70-74,9158
2019,Indigenous,Female,75-79,6506
2019,Indigenous,Female,80+,9055
2020,White,Male,0-4,2999690
2020,White,Male,5-9,2973218
2020,White,Male,10-14,2870996
2020,White,Male,15-19,2914937
2020,White,Male,20-24,3113070
2020,White,Male,25-29,3125199
2020,White,Male,30-34,3123005
2020,White,Male,35-39,3162633
2020,White,Male,40-44,3169241
2020,White,Male,45-49,2738488
2020,White,Male,50-54,2581986
2020,White,Male,55-59,2410866
2020,White,Male,60-64,2089772
2020,White,Male,65-69,1655423
2020,White,Male,70-74,1250014
2020,White,Male,75-79,819335
2020,White,Male,80+,882546
2020,White,Female,0-4,2916070
2020,White,Female,5-9,2878920
2020,White,Female,10-14,2791254
2020,White,Female,15-19,2939466
2020,White,Female,20-24,3208302
2020,White,Female,25-29,3308045
2020,White,Female,30-34,3390343
2020,White,Female,35-39,3527598
2020,White,Female,40-44,3566127
2020,White,Female,45-49,3139465
2020,White,Female,50-54,2976129
2020,White,Female,55-59,2833322
2020,White,Female,60-64,2501111
2020,White,Female,65-69,2052095
2020,White,Female,70-74,1625672
2020,White,Female,75-79,1153919
2020,White,Female,80+,1550944
2020,Black,Male,0-4,394313
2020,Black,Male,5-9,510691
2020,Black,Male,10-14,583012
2020,Black,Male,15-19,725171
2020,Black,Male,20-24,873317
2020,Black,Male,25-29,899821
2020,Black,Male,30-34,874441
2020,Black,Male,35-39,888656
2020,Black,Male,40-44,881210
2020,Black,Male,45-49,740748
2020,Black,Male,50-54,653785
2020,Black,Male,55-59,545861
2020,Black,Male,60-64,443240
2020,Black,Male,65-69,327581
2020,Black,Male,70-74,230876
2020,Black,Male,75-79,141663
2020,Black,Male,80+,148558
2020,Black,Female,0-4,374633
2020,Black,Female,5-9,478626
2020,Black,Female,10-14,526703
2020,Black,Female,15-19,645709
2020,Black,Female,20-24,780918
2020,Black,Female,25-29,811324
2020,Black,Female,30-34,792425
2020,Black,Female,35-39,818070
2020,Black,Female,40-44,806484
2020,Black,Female,45-49,692415
2020,Black,Female,50-54,629852
2020,Black,Female,55-59,557769
2020,Black,Female,60-64,477780
2020,Black,Female,65-69,372396
2020,Black,Female,70-74,275743
2020,Black,Female,75-79,178022
2020,Black,Female,80+,218983
2020,Brown,Male,0-4,3043705
2020,Brown,Male,5-9,3508549
2020,Brown,Male,10-14,3690087
2020,Brown,Male,15-19,3756948
2020,Brown,Male,20-24,3796136
2020,Brown,Male,25-29,3615698
2020,Brown,Male,30-34,3459398
2020,Brown,Male,35-39,3481123
2020,Brown,Male,40-44,3361945
2020,Brown,Male,45-49,2824589
2020,Brown,Male,50-54,2482478
2020,Brown,Male,55-59,2105650
2020,Brown,Male,60-64,1704731
2020,Brown,Male,65-69,1277491
2020,Brown,Male,70-74,902394
2020,Brown,Male,75-79,554648
2020,Brown,Male,80+,568612
2020,Brown,Female,0-4,2927589
2020,Brown,Female,5-9,3363485
2020,Brown,Female,10-14,3520658
2020,Brown,Female,15-19,3570280
2020,Brown,Female,20-24,3727716
2020,Brown,Female,25-29,3723394
2020,Brown,Female,30-34,3650352
2020,Brown,Female,35-39,3666521
2020,Brown,Female,40-44,3516997
2020,Brown,Female,45-49,2992690
2020,Brown,Female,50-54,2659741
2020,Brown,Female,55-59,2342236
2020,Brown,Female,60-64,1920275
2020,Brown,Female,65-69,1464001
2020,Brown,Female,70-74,1058667
2020,Brown,Female,75-79,680589
2020,Brown,Female,80+,806234
2020,Yellow,Male,0-4,17727
2020,Yellow,Male,5-9,21512
2020,Yellow,Male,10-14,23112
2020,Yellow,Male,15-19,25089
2020,Yellow,Male,20-24,28473
2020,Yellow,Male,25-29,29719
2020,Yellow,Male,30-34,31592
2020,Yellow,Male,35-39,33907
2020,Yellow,Male,40-44,35384
2020,Yellow,Male,45-49,30487
2020,Yellow,Male,50-54,28845
2020,Yellow,Male,55-59,27564
2020,Yellow,Male,60-64,26001
2020,Yellow,Male,65-69,24710
2020,Yellow,Male,70-74,22638
2020,Yellow,Male,75-79,16643
2020,Yellow,Male,80+,19405
2020,Yellow,Female,0-4,16960
2020,Yellow,Female,5-9,20419
2020,Yellow,Female,10-14,22919
2020,Yellow,Female,15-19,27338
2020,Yellow,Female,20-24,32751
2020,Yellow,Female,25-29,34040
2020,Yellow,Female,30-34,35464
2020,Yellow,Female,35-39,38182
2020,Yellow,Female,40-44,39453
2020,Yellow,Female,45-49,34575
2020,Yellow,Female,50-54,32042
2020,Yellow,Female,55-59,31473
2020,Yellow,Female,60-64,29770
2020,Yellow,Female,65-69,28374
2020,Yellow,Female,70-74,26609
2020,Yellow,Female,75-79,20492
2020,Yellow,Female,80+,27684
2020,Indigenous,Male,0-4,66082
2020,Indigenous,Male,5-9,64688
2020,Indigenous,Male,10-14,60904
2020,Indigenous,Male,15-19,57379
2020,Indigenous,Male,20-24,51644
2020,Indigenous,Male,25-29,43766
2020,Indigenous,Male,30-34,37897
2020,Indigenous,Male,35-39,34995
2020,Indigenous,Male,40-44,31089
2020,Indigenous,Male,45-49,25994
2020,Indigenous,Male,50-54,21524
2020,Indigenous,Male,55-59,17981
2020,Indigenous,Male,60-64,14815
2020,Indigenous,Male,65-69,11253
2020,Indigenous,Male,70-74,8208
2020,Indigenous,Male,75-79,5298
2020,Indigenous,Male,80+,6605
2020,Indigenous,Female,0-4,64072
2020,Indigenous,Female,5-9,61908
2020,Indigenous,Female,10-14,58604
2020,Indigenous,Female,15-19,55527
2020,Indigenous,Female,20-24,50992
2020,Indigenous,Female,25-29,44150
2020,Indigenous,Female,30-34,38635
2020,Indigenous,Female,35-39,35538
2020,Indigenous,Female,40-44,31289
2020,Indigenous,Female,45-49,26035
2020,Indigenous,Female,50-54,22037
2020,Indigenous,Female,55-59,19467
2020,Indigenous,Female,60-64,16250
2020,Indigenous,Female,65-69,12927
2020,Indigenous,Female,70-74,9554
2020,Indigenous,Female,75-79,6834
2020,Indigenous,Female,80+,9479
2021,White,Male,0-4,2967628
2021,White,Male,5-9,2946017
2021,White,Male,10-14,2807847
2021,White,Male,15-19,2854705
2021,White,Male,20-24,3052709
2021,White,Male,25-29,3063215
2021,White,Male,30-34,3088311
2021,White,Male,35-39,3168414
2021,White,Male,40-44,3188144
2021,White,Male,45-49,2730199
2021,White,Male,50-54,2595035
2021,White,Male,55-59,2452596
2021,White,Male,60-64,2145776
2021,White,Male,65-69,1713523
2021,White,Male,70-74,1292374
2021,White,Male,75-79,844668
2021,White,Male,80+,912524
2021,White,Female,0-4,2881494
2021,White,Female,5-9,2846531
2021,White,Female,10-14,2725776
2021,White,Female,15-19,2876049
2021,White,Female,20-24,3144598
2021,White,Female,25-29,3243106
2021,White,Female,30-34,3354869
2021,White,Female,35-39,3538625
2021,White,Female,40-44,3592541
2021,White,Female,45-49,3137165
2021,White,Female,50-54,2997424
2021,White,Female,55-59,2889366
2021,White,Female,60-64,2573405
2021,White,Female,65-69,2127303
2021,White,Female,70-74,1679725
2021,White,Female,75-79,1186427
2021,White,Female,80+,1603779
2021,Black,Male,0-4,401647
2021,Black,Male,5-9,517095
2021,Black,Male,10-14,582091
2021,Black,Male,15-19,733177
2021,Black,Male,20-24,891538
2021,Black,Male,25-29,917201
2021,Black,Male,30-34,893769
2021,Black,Male,35-39,922871
2021,Black,Male,40-44,921555
2021,Black,Male,45-49,772247
2021,Black,Male,50-54,684282
2021,Black,Male,55-59,575386
2021,Black,Male,60-64,470481
2021,Black,Male,65-69,348778
2021,Black,Male,70-74,245110
2021,Black,Male,75-79,150148
2021,Black,Male,80+,157708
2021,Black,Female,0-4,383266
2021,Black,Female,5-9,487369
2021,Black,Female,10-14,527105
2021,Black,Female,15-19,653289
2021,Black,Female,20-24,797725
2021,Black,Female,25-29,828656
2021,Black,Female,30-34,812708
2021,Black,Female,35-39,853960
2021,Black,Female,40-44,845652
2021,Black,Female,45-49,722132
2021,Black,Female,50-54,657840
2021,Black,Female,55-59,587465
2021,Black,Female,60-64,507327
2021,Black,Female,65-69,397187
2021,Black,Female,70-74,292764
2021,Black,Female,75-79,188112
2021,Black,Female,80+,232234
2021,Brown,Male,0-4,3036629
2021,Brown,Male,5-9,3494120
2021,Brown,Male,10-14,3634363
2021,Brown,Male,15-19,3725983
2021,Brown,Male,20-24,3788380
2021,Brown,Male,25-29,3615090
2021,Brown,Male,30-34,3478556
2021,Brown,Male,35-39,3550928
2021,Brown,Male,40-44,3449705
2021,Brown,Male,45-49,2892925
2021,Brown,Male,50-54,2558641
2021,Brown,Male,55-59,2186395
2021,Brown,Male,60-64,1780908
2021,Brown,Male,65-69,1339592
2021,Brown,Male,70-74,943194
2021,Brown,Male,75-79,578854
2021,Brown,Male,80+,593359
2021,Brown,Female,0-4,2923541
2021,Brown,Female,5-9,3352886
2021,Brown,Female,10-14,3465055
2021,Brown,Female,15-19,3534498
2021,Brown,Female,20-24,3722317
2021,Brown,Female,25-29,3730507
2021,Brown,Female,30-34,3678849
2021,Brown,Female,35-39,3746378
2021,Brown,Female,40-44,3612792
2021,Brown,Female,45-49,3065563
2021,Brown,Female,50-54,2739585
2021,Brown,Female,55-59,2434949
2021,Brown,Female,60-64,2010062
2021,Brown,Female,65-69,1537916
2021,Brown,Female,70-74,1107121
2021,Brown,Female,75-79,710287
2021,Brown,Female,80+,843583
2021,Yellow,Male,0-4,15436
2021,Yellow,Male,5-9,18916
2021,Yellow,Male,10-14,20235
2021,Yellow,Male,15-19,22317
2021,Yellow,Male,20-24,25465
2021,Yellow,Male,25-29,26636
2021,Yellow,Male,30-34,28953
2021,Yellow,Male,35-39,32092
2021,Yellow,Male,40-44,33977
2021,Yellow,Male,45-49,29009
2021,Yellow,Male,50-54,27692
2021,Yellow,Male,55-59,26636
2021,Yellow,Male,60-64,25229
2021,Yellow,Male,65-69,24462
2021,Yellow,Male,70-74,22770
2021,Yellow,Male,75-79,17106
2021,Yellow,Male,80+,20145
2021,Yellow,Female,0-4,14776
2021,Yellow,Female,5-9,17887
2021,Yellow,Female,10-14,19889
2021,Yellow,Female,15-19,24080
2021,Yellow,Female,20-24,28977
2021,Yellow,Female,25-29,30182
2021,Yellow,Female,30-34,32201
2021,Yellow,Female,35-39,35777
2021,Yellow,Female,40-44,37581
2021,Yellow,Female,45-49,32787
2021,Yellow,Female,50-54,30647
2021,Yellow,Female,55-59,30351
2021,Yellow,Female,60-64,28877
2021,Yellow,Female,65-69,28079
2021,Yellow,Female,70-74,26886
2021,Yellow,Female,75-79,21008
2021,Yellow,Female,80+,28693
2021,Indigenous,Male,0-4,68367
2021,Indigenous,Male,5-9,66935
2021,Indigenous,Male,10-14,63049
2021,Indigenous,Male,15-19,59920
2021,Indigenous,Male,20-24,54015
2021,Indigenous,Male,25-29,45576
2021,Indigenous,Male,30-34,39562
2021,Indigenous,Male,35-39,36798
2021,Indigenous,Male,40-44,32837
2021,Indigenous,Male,45-49,27450
2021,Indigenous,Male,50-54,22788
2021,Indigenous,Male,55-59,19071
2021,Indigenous,Male,60-64,15786
2021,Indigenous,Male,65-69,11950
2021,Indigenous,Male,70-74,8662
2021,Indigenous,Male,75-79,5607
2021,Indigenous,Male,80+,7008
2021,Indigenous,Female,0-4,66271
2021,Indigenous,Female,5-9,63967
2021,Indigenous,Female,10-14,60666
2021,Indigenous,Female,15-19,57973
2021,Indigenous,Female,20-24,53507
2021,Indigenous,Female,25-29,46166
2021,Indigenous,Female,30-34,40444
2021,Indigenous,Female,35-39,37538
2021,Indigenous,Female,40-44,33188
2021,Indigenous,Female,45-49,27509
2021,Indigenous,Female,50-54,23393
2021,Indigenous,Female,55-59,20646
2021,Indigenous,Female,60-64,17238
2021,Indigenous,Female,65-69,13696
2021,Indigenous,Female,70-74,10121
2021,Indigenous,Female,75-79,7288
2021,Indigenous,Female,80+,10051
2022,White,Male,0-4,2936502
2022,White,Male,5-9,2919649
2022,White,Male,10-14,2746653
2022,White,Male,15-19,2796168
2022,White,Male,20-24,2993920
2022,White,Male,25-29,3002922
2022,White,Male,30-34,3054685
2022,White,Male,35-39,3174793
2022,White,Male,40-44,3207717
2022,White,Male,45-49,2722514
2022,White,Male,50-54,2608728
2022,White,Male,55-59,2495474
2022,White,Male,60-64,2203643
2022,White,Male,65-69,1774006
2022,White,Male,70-74,1336551
2022,White,Male,75-79,870913
2022,White,Male,80+,943728
2022,White,Female,0-4,2847942
2022,White,Female,5-9,2815155
2022,White,Female,10-14,2662301
2022,White,Female,15-19,2814407
2022,White,Female,20-24,3082684
2022,White,Female,25-29,3180029
2022,White,Female,30-34,3320342
2022,White,Female,35-39,3550306
2022,White,Female,40-44,3619746
2022,White,Female,45-49,3135533
2022,White,Female,50-54,3019482
2022,White,Female,55-59,2947033
2022,White,Female,60-64,2648222
2022,White,Female,65-69,2205720
2022,White,Female,70-74,1735928
2022,White,Female,75-79,1220095
2022,White,Female,80+,1658630
2022,Black,Male,0-4,409443
2022,Black,Male,5-9,523883
2022,Black,Male,10-14,581729
2022,Black,Male,15-19,741701
2022,Black,Male,20-24,910533
2022,Black,Male,25-29,935525
2022,Black,Male,30-34,914062
2022,Black,Male,35-39,958928
2022,Black,Male,40-44,964121
2022,Black,Male,45-49,805526
2022,Black,Male,50-54,716473
2022,Black,Male,55-59,606760
2022,Black,Male,60-64,499513
2022,Black,Male,65-69,371432
2022,Black,Male,70-74,260218
2022,Black,Male,75-79,159000
2022,Black,Male,80+,167173
2022,Black,Female,0-4,392331
2022,Black,Female,5-9,496750
2022,Black,Female,10-14,527802
2022,Black,Female,15-19,661358
2022,Black,Female,20-24,815267
2022,Black,Female,25-29,846769
2022,Black,Female,30-34,833882
2022,Black,Female,35-39,891759
2022,Black,Female,40-44,887038
2022,Black,Female,45-49,753421
2022,Black,Female,50-54,687328
2022,Black,Female,55-59,618870
2022,Black,Female,60-64,538793
2022,Black,Female,65-69,423586
2022,Black,Female,70-74,310853
2022,Black,Female,75-79,198500
2022,Black,Female,80+,246131
2022,Brown,Male,0-4,3030829
2022,Brown,Male,5-9,3481113
2022,Brown,Male,10-14,3580594
2022,Brown,Male,15-19,3696331
2022,Brown,Male,20-24,3782184
2022,Brown,Male,25-29,3616257
2022,Brown,Male,30-34,3499441
2022,Brown,Male,35-39,3623453
2022,Brown,Male,40-44,3540880
2022,Brown,Male,45-49,2963694
2022,Brown,Male,50-54,2637776
2022,Brown,Male,55-59,2270741
2022,Brown,Male,60-64,1860962
2022,Brown,Male,65-69,1405388
2022,Brown,Male,70-74,986251
2022,Brown,Male,75-79,604296
2022,Brown,Male,80+,619387
2022,Brown,Female,0-4,2920727
2022,Brown,Female,5-9,3343711
2022,Brown,Female,10-14,3411297
2022,Brown,Female,15-19,3500052
2022,Brown,Female,20-24,3718429
2022,Brown,Female,25-29,3739444
2022,Brown,Female,30-34,3709084
2022,Brown,Female,35-39,3829243
2022,Brown,Female,40-44,3712348
2022,Brown,Female,45-49,3141104
2022,Brown,Female,50-54,2822603
2022,Brown,Female,55-59,2532029
2022,Brown,Female,60-64,2104804
2022,Brown,Female,65-69,1616199
2022,Brown,Female,70-74,1158231
2022,Brown,Female,75-79,741534
2022,Brown,Female,80+,882870
2022,Yellow,Male,0-4,13847
2022,Yellow,Male,5-9,17081
2022,Yellow,Male,10-14,18147
2022,Yellow,Male,15-19,20333
2022,Yellow,Male,20-24,23298
2022,Yellow,Male,25-29,24400
2022,Yellow,Male,30-34,27094
2022,Yellow,Male,35-39,30934
2022,Yellow,Male,40-44,33179
2022,Yellow,Male,45-49,28133
2022,Yellow,Male,50-54,27051
2022,Yellow,Male,55-59,26122
2022,Yellow,Male,60-64,24862
2022,Yellow,Male,65-69,24527
2022,Yellow,Male,70-74,23145
2022,Yellow,Male,75-79,17676
2022,Yellow,Male,80+,21028
2022,Yellow,Female,0-4,13301
2022,Yellow,Female,5-9,16110
2022,Yellow,Female,10-14,17718
2022,Yellow,Female,15-19,21733
2022,Yellow,Female,20-24,26242
2022,Yellow,Female,25-29,27285
2022,Yellow,Female,30-34,29781
2022,Yellow,Female,35-39,34139
2022,Yellow,Female,40-44,36396
2022,Yellow,Female,45-49,31627
2022,Yellow,Female,50-54,29768
2022,Yellow,Female,55-59,29653
2022,Yellow,Female,60-64,28358
2022,Yellow,Female,65-69,28140
2022,Yellow,Female,70-74,27423
2022,Yellow,Female,75-79,21710
2022,Yellow,Female,80+,29889
2022,Indigenous,Male,0-4,70783
2022,Indigenous,Male,5-9,69275
2022,Indigenous,Male,10-14,65344
2022,Indigenous,Male,15-19,62651
2022,Indigenous,Male,20-24,56496
2022,Indigenous,Male,25-29,47479
2022,Indigenous,Male,30-34,41268
2022,Indigenous,Male,35-39,38625
2022,Indigenous,Male,40-44,34616
2022,Indigenous,Male,45-49,28873
2022,Indigenous,Male,50-54,24057
2022,Indigenous,Male,55-59,20117
2022,Indigenous,Male,60-64,16648
2022,Indigenous,Male,65-69,12570
2022,Indigenous,Male,70-74,9084
2022,Indigenous,Male,75-79,5844
2022,Indigenous,Male,80+,7338
2022,Indigenous,Female,0-4,68596
2022,Indigenous,Female,5-9,66165
2022,Indigenous,Female,10-14,62845
2022,Indigenous,Female,15-19,60585
2022,Indigenous,Female,20-24,56125
2022,Indigenous,Female,25-29,48283
2022,Indigenous,Female,30-34,42326
2022,Indigenous,Female,35-39,39600
2022,Indigenous,Female,40-44,35180
2022,Indigenous,Female,45-49,28980
2022,Indigenous,Female,50-54,24707
2022,Indigenous,Female,55-59,21795
2022,Indigenous,Female,60-64,18153
2022,Indigenous,Female,65-69,14376
2022,Indigenous,Female,70-74,10602
2022,Indigenous,Female,75-79,7684
2022,Indigenous,Female,80+,10572
2023,White,Male,0-4,2906247
2023,White,Male,5-9,2894019
2023,White,Male,10-14,2687173
2023,White,Male,15-19,2739211
2023,White,Male,20-24,2936666
2023,White,Male,25-29,2944336
2023,White,Male,30-34,3021991
2023,White,Male,35-39,3181748
2023,White,Male,40-44,3227949
2023,White,Male,45-49,2715350
2023,White,Male,50-54,2622944
2023,White,Male,55-59,2539439
2023,White,Male,60-64,2263407
2023,White,Male,65-69,1836949
2023,White,Male,70-74,1382550
2023,White,Male,75-79,898227
2023,White,Male,80+,976243
2023,White,Female,0-4,2815265
2023,White,Female,5-9,2784670
2023,White,Female,10-14,2600720
2023,White,Female,15-19,2754451
2023,White,Female,20-24,3022393
2023,White,Female,25-29,3118727
2023,White,Female,30-34,3286808
2023,White,Female,35-39,3562639
2023,White,Female,40-44,3647764
2023,White,Female,45-49,3134468
2023,White,Female,50-54,3042245
2023,White,Female,55-59,3006370
2023,White,Female,60-64,2725694
2023,White,Female,65-69,2287492
2023,White,Female,70-74,1794376
2023,White,Female,75-79,1254994
2023,White,Female,80+,1715690
2023,Black,Male,0-4,417680
2023,Black,Male,5-9,531167
2023,Black,Male,10-14,581723
2023,Black,Male,15-19,750780
2023,Black,Male,20-24,930432
2023,Black,Male,25-29,954700
2023,Black,Male,30-34,935372
2023,Black,Male,35-39,996898
2023,Black,Male,40-44,1009125
2023,Black,Male,45-49,840647
2023,Black,Male,50-54,750588
2023,Black,Male,55-59,640188
2023,Black,Male,60-64,530590
2023,Black,Male,65-69,395753
2023,Black,Male,70-74,276437
2023,Black,Male,75-79,168452
2023,Black,Male,80+,177347
2023,Black,Female,0-4,401912
2023,Black,Female,5-9,506639
2023,Black,Female,10-14,528888
2023,Black,Female,15-19,669914
2023,Black,Female,20-24,833647
2023,Black,Female,25-29,865775
2023,Black,Female,30-34,856097
2023,Black,Female,35-39,931727
2023,Black,Female,40-44,930952
2023,Black,Female,45-49,786526
2023,Black,Female,50-54,718527
2023,Black,Female,55-59,652281
2023,Black,Female,60-64,572471
2023,Black,Female,65-69,451981
2023,Black,Female,70-74,330197
2023,Black,Female,75-79,209586
2023,Black,Female,80+,260977
2023,Brown,Male,0-4,3026215
2023,Brown,Male,5-9,3469484
2023,Brown,Male,10-14,3528628
2023,Brown,Male,15-19,3667893
2023,Brown,Male,20-24,3777419
2023,Brown,Male,25-29,3619184
2023,Brown,Male,30-34,3521998
2023,Brown,Male,35-39,3698714
2023,Brown,Male,40-44,3635476
2023,Brown,Male,45-49,3037020
2023,Brown,Male,50-54,2720094
2023,Brown,Male,55-59,2358894
2023,Brown,Male,60-64,1945237
2023,Brown,Male,65-69,1475081
2023,Brown,Male,70-74,1031707
2023,Brown,Male,75-79,631157
2023,Brown,Male,80+,646869
2023,Brown,Female,0-4,2919154
2023,Brown,Female,5-9,3335838
2023,Brown,Female,10-14,3359326
2023,Brown,Female,15-19,3466931
2023,Brown,Female,20-24,3715985
2023,Brown,Female,25-29,3750104
2023,Brown,Female,30-34,3741079
2023,Brown,Female,35-39,3915240
2023,Brown,Female,40-44,3815673
2023,Brown,Female,45-49,3219355
2023,Brown,Female,50-54,2908908
2023,Brown,Female,55-59,2633661
2023,Brown,Female,60-64,2204828
2023,Brown,Female,65-69,1699245
2023,Brown,Female,70-74,1212236
2023,Brown,Female,75-79,774458
2023,Brown,Female,80+,924342
2023,Yellow,Male,0-4,13158
2023,Yellow,Male,5-9,16311
2023,Yellow,Male,10-14,17282
2023,Yellow,Male,15-19,19418
2023,Yellow,Male,20-24,22115
2023,Yellow,Male,25-29,23075
2023,Yellow,Male,30-34,25967
2023,Yellow,Male,35-39,30317
2023,Yellow,Male,40-44,32887
2023,Yellow,Male,45-49,27669
2023,Yellow,Male,50-54,26733
2023,Yellow,Male,55-59,25845
2023,Yellow,Male,60-64,24674
2023,Yellow,Male,65-69,24722
2023,Yellow,Male,70-74,23616
2023,Yellow,Male,75-79,18324
2023,Yellow,Male,80+,22016
2023,Yellow,Female,0-4,12675
2023,Yellow,Female,5-9,15413
2023,Yellow,Female,10-14,16790
2023,Yellow,Female,15-19,20546
2023,Yellow,Female,20-24,24605
2023,Yellow,Female,25-29,25489
2023,Yellow,Female,30-34,28231
2023,Yellow,Female,35-39,33130
2023,Yellow,Female,40-44,35736
2023,Yellow,Female,45-49,30927
2023,Yellow,Female,50-54,29225
2023,Yellow,Female,55-59,29251
2023,Yellow,Female,60-64,28075
2023,Yellow,Female,65-69,28361
2023,Yellow,Female,70-74,28111
2023,Yellow,Female,75-79,22515
2023,Yellow,Female,80+,31235
2023,Indigenous,Male,0-4,73396
2023,Indigenous,Male,5-9,71808
2023,Indigenous,Male,10-14,67859
2023,Indigenous,Male,15-19,65624
2023,Indigenous,Male,20-24,59185
2023,Indigenous,Male,25-29,49545
2023,Indigenous,Male,30-34,43129
2023,Indigenous,Male,35-39,40619
2023,Indigenous,Male,40-44,36557
2023,Indigenous,Male,45-49,30412
2023,Indigenous,Male,50-54,25445
2023,Indigenous,Male,55-59,21266
2023,Indigenous,Male,60-64,17582
2023,Indigenous,Male,65-69,13245
2023,Indigenous,Male,70-74,9526
2023,Indigenous,Male,75-79,6096
2023,Indigenous,Male,80+,7683
2023,Indigenous,Female,0-4,71102
2023,Indigenous,Female,5-9,68558
2023,Indigenous,Female,10-14,65246
2023,Indigenous,Female,15-19,63436
2023,Indigenous,Female,20-24,58979
2023,Indigenous,Female,25-29,50574
2023,Indigenous,Female,30-34,44388
2023,Indigenous,Female,35-39,41857
2023,Indigenous,Female,40-44,37372
2023,Indigenous,Female,45-49,30588
2023,Indigenous,Female,50-54,26160
2023,Indigenous,Female,55-59,23052
2023,Indigenous,Female,60-64,19150
2023,Indigenous,Female,65-69,15111
2023,Indigenous,Female,70-74,11120
2023,Indigenous,Female,75-79,8119
2023,Indigenous,Female,80+,11114
2024,White,Male,0-4,2876912
2024,White,Male,5-9,2869267
2024,White,Male,10-14,2629491
2024,White,Male,15-19,2683913
2024,White,Male,20-24,2881044
2024,White,Male,25-29,2887449
2024,White,Male,30-34,2990250
2024,White,Male,35-39,3189377
2024,White,Male,40-44,3248988
2024,White,Male,45-49,2708785
2024,White,Male,50-54,2637758
2024,White,Male,55-59,2584646
2024,White,Male,60-64,2325163
2024,White,Male,65-69,1902608
2024,White,Male,70-74,1430477
2024,White,Male,75-79,926714
2024,White,Male,80+,1010249
2024,White,Female,0-4,2783595
2024,White,Female,5-9,2755120
2024,White,Female,10-14,2541065
2024,White,Female,15-19,2696202
2024,White,Female,20-24,2963719
2024,White,Female,25-29,3059225
2024,White,Female,30-34,3254421
2024,White,Female,35-39,3575796
2024,White,Female,40-44,3676705
2024,White,Female,45-49,3134058
2024,White,Female,50-54,3066002
2024,White,Female,55-59,3067482
2024,White,Female,60-64,2806063
2024,White,Female,65-69,2372912
2024,White,Female,70-74,1855235
2024,White,Female,75-79,1291230
2024,White,Female,80+,1775088
2024,Black,Male,0-4,426409
2024,Black,Male,5-9,538864
2024,Black,Male,10-14,581972
2024,Black,Male,15-19,760355
2024,Black,Male,20-24,951266
2024,Black,Male,25-29,974842
2024,Black,Male,30-34,957656
2024,Black,Male,35-39,1036930
2024,Black,Male,40-44,1056857
2024,Black,Male,45-49,877883
2024,Black,Male,50-54,786859
2024,Black,Male,55-59,675926
2024,Black,Male,60-64,563999
2024,Black,Male,65-69,422095
2024,Black,Male,70-74,294016
2024,Black,Male,75-79,178905
2024,Black,Male,80+,188542
2024,Black,Female,0-4,412011
2024,Black,Female,5-9,517016
2024,Black,Female,10-14,530300
2024,Black,Female,15-19,678977
2024,Black,Female,20-24,852880
2024,Black,Female,25-29,885701
2024,Black,Female,30-34,879460
2024,Black,Female,35-39,974177
2024,Black,Female,40-44,977558
2024,Black,Female,45-49,821544
2024,Black,Female,50-54,751650
2024,Black,Female,55-59,688025
2024,Black,Female,60-64,608693
2024,Black,Female,65-69,482704
2024,Black,Female,70-74,351107
2024,Black,Female,75-79,221745
2024,Black,Female,80+,277110
2024,Brown,Male,0-4,3023015
2024,Brown,Male,5-9,3459341
2024,Brown,Male,10-14,3478508
2024,Brown,Male,15-19,3640811
2024,Brown,Male,20-24,3774209
2024,Brown,Male,25-29,3623897
2024,Brown,Male,30-34,3546375
2024,Brown,Male,35-39,3776976
2024,Brown,Male,40-44,3733800
2024,Brown,Male,45-49,3113090
2024,Brown,Male,50-54,2805694
2024,Brown,Male,55-59,2451063
2024,Brown,Male,60-64,2034056
2024,Brown,Male,65-69,1549000
2024,Brown,Male,70-74,1079845
2024,Brown,Male,75-79,659591
2024,Brown,Male,80+,676099
2024,Brown,Female,0-4,2918891
2024,Brown,Female,5-9,3329423
2024,Brown,Female,10-14,3309205
2024,Brown,Female,15-19,3435274
2024,Brown,Female,20-24,3715202
2024,Brown,Female,25-29,3762592
2024,Brown,Female,30-34,3775022
2024,Brown,Female,35-39,4004656
2024,Brown,Female,40-44,3923104
2024,Brown,Female,45-49,3300617
2024,Brown,Female,50-54,2998715
2024,Brown,Female,55-59,2740211
2024,Brown,Female,60-64,2310476
2024,Brown,Female,65-69,1787467
2024,Brown,Female,70-74,1269382
2024,Brown,Female,75-79,809255
2024,Brown,Female,80+,968264
2024,Yellow,Male,0-4,12446
2024,Yellow,Male,5-9,15510
2024,Yellow,Male,10-14,16371
2024,Yellow,Male,15-19,18462
2024,Yellow,Male,20-24,20931
2024,Yellow,Male,25-29,21717
2024,Yellow,Male,30-34,24830
2024,Yellow,Male,35-39,29659
2024,Yellow,Male,40-44,32516
2024,Yellow,Male,45-49,27157
2024,Yellow,Male,50-54,26379
2024,Yellow,Male,55-59,25525
2024,Yellow,Male,60-64,24450
2024,Yellow,Male,65-69,24923
2024,Yellow,Male,70-74,24095
2024,Yellow,Male,75-79,19053
2024,Yellow,Male,80+,23105
2024,Yellow,Female,0-4,11996
2024,Yellow,Female,5-9,14663
2024,Yellow,Female,10-14,15818
2024,Yellow,Female,15-19,19353
2024,Yellow,Female,20-24,22991
2024,Yellow,Female,25-29,23723
2024,Yellow,Female,30-34,26693
2024,Yellow,Female,35-39,32110
2024,Yellow,Female,40-44,35014
2024,Yellow,Female,45-49,30180
2024,Yellow,Female,50-54,28654
2024,Yellow,Female,55-59,28810
2024,Yellow,Female,60-64,27771
2024,Yellow,Female,65-69,28569
2024,Yellow,Female,70-74,28814
2024,Yellow,Female,75-79,23374
2024,Yellow,Female,80+,32680
2024,Indigenous,Male,0-4,76254
2024,Indigenous,Male,5-9,74626
2024,Indigenous,Male,10-14,70613
2024,Indigenous,Male,15-19,68906
2024,Indigenous,Male,20-24,62199
2024,Indigenous,Male,25-29,51852
2024,Indigenous,Male,30-34,45241
2024,Indigenous,Male,35-39,42869
2024,Indigenous,Male,40-44,38748
2024,Indigenous,Male,45-49,32200
2024,Indigenous,Male,50-54,27036
2024,Indigenous,Male,55-59,22599
2024,Indigenous,Male,60-64,18715
2024,Indigenous,Male,65-69,14083
2024,Indigenous,Male,70-74,10065
2024,Indigenous,Male,75-79,6443
2024,Indigenous,Male,80+,8138
2024,Indigenous,Female,0-4,73885
2024,Indigenous,Female,5-9,71213
2024,Indigenous,Female,10-14,67942
2024,Indigenous,Female,15-19,66584
2024,Indigenous,Female,20-24,62209
2024,Indigenous,Female,25-29,53112
2024,Indigenous,Female,30-34,46679
2024,Indigenous,Female,35-39,44436
2024,Indigenous,Female,40-44,39849
2024,Indigenous,Female,45-49,32464
2024,Indigenous,Female,50-54,27856
2024,Indigenous,Female,55-59,24515
2024,Indigenous,Female,60-64,20361
2024,Indigenous,Female,65-69,15998
2024,Indigenous,Female,70-74,11754
2024,Indigenous,Female,75-79,8621
2024,Indigenous,Female,80+,11767
